Hotel Name,Location,County or Region,Country,Hotel Description,Price Range,Amenities,Hotel Category,Contact Information,Website URL,Source URL
Muthu Silver Springs Hotel,Nairobi,Nairobi County,Kenya,A hotel located in Nairobi.,Check website,No amenities listed,Unrated,+254 7030 48000,https://www.muthuhotelsmgm.com/muthu-silver-springs-hotel.html,https://www.openstreetmap.org/node/30030203
Olive Gardens,Nairobi,Nairobi County,Kenya,A hotel located in Nairobi.,Check website,No amenities listed,Unrated,No contact information available,No website available,https://www.openstreetmap.org/node/30210283
Nairobi Serena Hotel,Nairobi,Nairobi County,Kenya,A hotel located in Nairobi.,Check website,No amenities listed,Unrated,"Kenyatta Avenue, Nairobi",No website available,https://www.openstreetmap.org/node/30215036
High Point Hotel,Nairobi,Nairobi County,Kenya,A hotel located in Nairobi.,Check website,No amenities listed,Unrated,No contact information available,No website available,https://www.openstreetmap.org/node/30215039
Southern Sun Mayfair,Nairobi,Nairobi County,Kenya,A hotel located in Nairobi.,Check website,No amenities listed,Unrated,"Parklands Road, Nairobi",No website available,https://www.openstreetmap.org/node/30324281
Insomnia Bar and lounge,Nairobi,Nairobi County,Kenya,A hotel located in Nairobi.,Check website,No amenities listed,Unrated,"Parklands Road, Nairobi",No website available,https://www.openstreetmap.org/node/30324312
Parklands Shade Hotel K1 Clubhouse,Nairobi,Nairobi County,Kenya,A hotel located in Nairobi.,Check website,No amenities listed,Unrated,"Ojijo Road, Nairobi",No website available,https://www.openstreetmap.org/node/30402749
Kivi Milimani,Nairobi,Nairobi County,Kenya,A hotel located in Nairobi.,Check website,No amenities listed,Unrated,"Milimani Road, Nairobi",No website available,https://www.openstreetmap.org/node/30406081
Sagret Hotel Equatorial,Nairobi,Nairobi County,Kenya,A hotel located in Nairobi.,Check website,No amenities listed,Unrated,No contact information available,No website available,https://www.openstreetmap.org/node/30406082
Panari Group,Nairobi,Nairobi County,Kenya,A hotel located in Nairobi.,Check website,No amenities listed,Unrated,"Mombasa Road, Nairobi",No website available,https://www.openstreetmap.org/node/30695846
Windsor Golf Hotel & Country Club,Nairobi,Nairobi County,Kenya,A hotel located in Nairobi.,Check website,internet access,Unrated,Kigwa Road,https://www.windsorgolfresort.com/,https://www.openstreetmap.org/node/272320860
China Garden,Nairobi,Nairobi County,Kenya,A hotel located in Nairobi.,Check website,No amenities listed,Unrated,"United Nations Avenue, Nairobi",No website available,https://www.openstreetmap.org/node/280242935
Wasini Luxury Homes,Nairobi,Nairobi County,Kenya,A hotel located in Nairobi.,Check website,No amenities listed,Unrated,"Church Road, Nairobi",No website available,https://www.openstreetmap.org/node/291529201
Karen Lodge,Nairobi,Nairobi County,Kenya,A hotel located in Nairobi.,Check website,No amenities listed,Unrated,No contact information available,No website available,https://www.openstreetmap.org/node/374275570
Safari Park Hotel,Nairobi,Nairobi County,Kenya,A hotel located in Nairobi.,Check website,No amenities listed,Unrated,"Thika Road, Nairobi",No website available,https://www.openstreetmap.org/node/473447881
Aero Club of East Africa,Nairobi,Nairobi County,Kenya,A hotel located in Nairobi.,Check website,No amenities listed,Unrated,Langata Road,No website available,https://www.openstreetmap.org/node/521103937
Glory Food hotel,Nairobi,Nairobi County,Kenya,A hotel located in Nairobi.,Check website,No amenities listed,Unrated,No contact information available,No website available,https://www.openstreetmap.org/node/612007668
Kwa Izo Hotel,Nairobi,Nairobi County,Kenya,A hotel located in Nairobi.,Check website,No amenities listed,Unrated,No contact information available,No website available,https://www.openstreetmap.org/node/612007837
Mzambani hotel,Nairobi,Nairobi County,Kenya,A hotel located in Nairobi.,Check website,No amenities listed,Unrated,No contact information available,No website available,https://www.openstreetmap.org/node/612009131
Bidwod Suites,Nairobi,Nairobi County,Kenya,A hotel located in Nairobi.,Check website,No amenities listed,Unrated,"Lower Kabete Road, Nairobi",No website available,https://www.openstreetmap.org/node/651302310
Redbrick Hotel,Nairobi,Nairobi County,Kenya,A hotel located in Nairobi.,Check website,No amenities listed,Unrated,"Silanga Road, Nairobi",No website available,https://www.openstreetmap.org/node/701434459
La Mada,Nairobi,Nairobi County,Kenya,A hotel located in Nairobi.,Check website,No amenities listed,Unrated,No contact information available,No website available,https://www.openstreetmap.org/node/703562850
Samra Hotel,Nairobi,Nairobi County,Kenya,A hotel located in Nairobi.,Check website,No amenities listed,Unrated,No contact information available,No website available,https://www.openstreetmap.org/node/720900800
Ngong Hills Hotel,Nairobi,Nairobi County,Kenya,A hotel located in Nairobi.,Check website,No amenities listed,Unrated,"Ngong Road, Nairobi",No website available,https://www.openstreetmap.org/node/771252810
Sankara Hotel,Nairobi,Nairobi County,Kenya,A hotel located in Nairobi.,Check website,internet access,Unrated,"03, Woodvale Grove, Nairobi",https://sankara.com/,https://www.openstreetmap.org/node/968570105
Margarita House,Nairobi,Nairobi County,Kenya,A hotel located in Nairobi.,Check website,No amenities listed,Unrated,No contact information available,No website available,https://www.openstreetmap.org/node/1078529085
Giraffe Manor,Nairobi,Nairobi County,Kenya,A hotel located in Nairobi.,Check website,No amenities listed,Unrated,"Gogo Falls Road, Nairobi",No website available,https://www.openstreetmap.org/node/1078542346
Oak Place Conference and Training Centre,Nairobi,Nairobi County,Kenya,A hotel located in Nairobi.,Check website,No amenities listed,Unrated,"Kigwa Road, Nairobi",No website available,https://www.openstreetmap.org/node/1116175855
Jimlizer Hotel,Nairobi,Nairobi County,Kenya,A hotel located in Nairobi.,Check website,No amenities listed,Unrated,"Mumias South Road, Buruburu",No website available,https://www.openstreetmap.org/node/1276749986
Kenya Comfort Suites,Nairobi,Nairobi County,Kenya,A hotel located in Nairobi.,Check website,No amenities listed,Unrated,"Ralph Bunche Road, Nairobi",No website available,https://www.openstreetmap.org/node/1333649594
Hill Joy Hotel,Nairobi,Nairobi County,Kenya,A hotel located in Nairobi.,Check website,No amenities listed,Unrated,No contact information available,No website available,https://www.openstreetmap.org/node/1419004981
Ambassador Hotel,Nairobi,Nairobi County,Kenya,A hotel located in Nairobi.,Check website,No amenities listed,Unrated,"Moi Avenue, Nairobi",No website available,https://www.openstreetmap.org/node/1507553629
Muthaiga Country Club,Nairobi,Nairobi County,Kenya,A hotel located in Nairobi.,Check website,No amenities listed,Unrated,"Muthaiga Road, Nairobi",https://www.mcc.co.ke/,https://www.openstreetmap.org/node/1508496993
The Bounty Hotel,Nairobi,Nairobi County,Kenya,A hotel located in Nairobi.,Check website,No amenities listed,Unrated,No contact information available,No website available,https://www.openstreetmap.org/node/1578603782
Community Hotel and Restaurant,Nairobi,Nairobi County,Kenya,A hotel located in Nairobi.,Check website,No amenities listed,Unrated,No contact information available,No website available,https://www.openstreetmap.org/node/1809764828
Bidii Hotel,Nairobi,Nairobi County,Kenya,A hotel located in Nairobi.,Check website,No amenities listed,Unrated,No contact information available,No website available,https://www.openstreetmap.org/node/1828341186
Greton Hotel,Nairobi,Nairobi County,Kenya,A hotel located in Nairobi.,Check website,No amenities listed,Unrated,"Tsavo Road, Nairobi",No website available,https://www.openstreetmap.org/node/1843448612
Appleton Resort,Nairobi,Nairobi County,Kenya,A hotel located in Nairobi.,Check website,No amenities listed,Unrated,No contact information available,No website available,https://www.openstreetmap.org/node/1865385825
Heritage Hotels,Nairobi,Nairobi County,Kenya,A hotel located in Nairobi.,Check website,No amenities listed,Unrated,No contact information available,No website available,https://www.openstreetmap.org/node/1865392460
Utalii Hotel,Nairobi,Nairobi County,Kenya,A hotel located in Nairobi.,Check website,No amenities listed,Unrated,No contact information available,http://www.utaliihotel.co.ke/,https://www.openstreetmap.org/node/1875653418
Nomad Paradise Hotel,Nairobi,Nairobi County,Kenya,A hotel located in Nairobi.,Check website,No amenities listed,Unrated,"General Waruingi Street, Nairobi",https://nomadparadisehotel.co.ke/,https://www.openstreetmap.org/node/1997615253
CHAK guest house,Nairobi,Nairobi County,Kenya,A hotel located in Nairobi.,Check website,No amenities listed,Unrated,Bernard Estate,No website available,https://www.openstreetmap.org/node/2299690859
The Lexx Hotel,Nairobi,Nairobi County,Kenya,A hotel located in Nairobi.,Check website,No amenities listed,Unrated,"Outer Ring Road, Nairobi",No website available,https://www.openstreetmap.org/node/2330383415
Luke Hotel,Nairobi,Nairobi County,Kenya,A hotel located in Nairobi.,Check website,No amenities listed,Unrated,"Thika Road, Nairobi",No website available,https://www.openstreetmap.org/node/2344361843
Sirona Hotel,Nairobi,Nairobi County,Kenya,A hotel located in Nairobi.,Check website,internet access,Unrated,No contact information available,www.sironahotel.com,https://www.openstreetmap.org/node/2388342442
Blue Springs Hotel,Nairobi,Nairobi County,Kenya,A hotel located in Nairobi.,Check website,No amenities listed,Unrated,"Thika Road, Nairobi",No website available,https://www.openstreetmap.org/node/2510966665
Tara Suites,Nairobi,Nairobi County,Kenya,A hotel located in Nairobi.,Check website,No amenities listed,Unrated,"United Nations Crescent, Nairobi",No website available,https://www.openstreetmap.org/node/2541863281
Shalom House,Nairobi,Nairobi County,Kenya,A hotel located in Nairobi.,Check website,No amenities listed,Unrated,No contact information available,No website available,https://www.openstreetmap.org/node/2547506529
Summerdale Inn,Nairobi,Nairobi County,Kenya,A hotel located in Nairobi.,Check website,No amenities listed,Unrated,"Gandhi Avenue, Nairobi",No website available,https://www.openstreetmap.org/node/2680561388
EKA Hotel,Nairobi,Nairobi County,Kenya,A hotel located in Nairobi.,Check website,No amenities listed,Unrated,"Mombasa Road, Nairobi",No website available,https://www.openstreetmap.org/node/3045694744
New Kenya Lodge,Nairobi,Nairobi County,Kenya,A hotel located in Nairobi.,Check website,No amenities listed,Unrated,"River Road, Nairobi",No website available,https://www.openstreetmap.org/node/3294731407
Hotel Green Court,Nairobi,Nairobi County,Kenya,A hotel located in Nairobi.,Check website,No amenities listed,Unrated,"Latema Road, Nairobi",No website available,https://www.openstreetmap.org/node/3294733098
Ngong House Hotel,Nairobi,Nairobi County,Kenya,A hotel located in Nairobi.,Check website,No amenities listed,Unrated,"60 Ndovu Rd, Nairobi City",No website available,https://www.openstreetmap.org/node/3689425951
Khweza Bed & Breakfast,Nairobi,Nairobi County,Kenya,A hotel located in Nairobi.,Check website,No amenities listed,Unrated,"Ngara Road, Nairobi",http://khweza.com/,https://www.openstreetmap.org/node/3808538848
Dusit D2,Nairobi,Nairobi County,Kenya,A hotel located in Nairobi.,Check website,internet access,Unrated,"14, Riverside Park, NAIROBI",No website available,https://www.openstreetmap.org/node/3835620041
Nairobi Airport Inn,Nairobi,Nairobi County,Kenya,A hotel located in Nairobi.,Check website,No amenities listed,Unrated,No contact information available,No website available,https://www.openstreetmap.org/node/3953587082
West Wood Hotel Nairobi,Nairobi,Nairobi County,Kenya,A hotel located in Nairobi.,Check website,internet access,Unrated,+254 20 217 3830,http://westwoodhotelkenya.com/,https://www.openstreetmap.org/node/4207053836
Nairobi Transit Lounge,Nairobi,Nairobi County,Kenya,A hotel located in Nairobi.,Check website,internet access,Unrated,No contact information available,No website available,https://www.openstreetmap.org/node/4225412789
Jaffers,Nairobi,Nairobi County,Kenya,A hotel located in Nairobi.,Check website,internet access,Unrated,No contact information available,No website available,https://www.openstreetmap.org/node/4297684293
Fedha Residence,Nairobi,Nairobi County,Kenya,A hotel located in Nairobi.,Check website,No amenities listed,Unrated,No contact information available,No website available,https://www.openstreetmap.org/node/4316258791
Prearea hotel,Nairobi,Nairobi County,Kenya,A hotel located in Nairobi.,Check website,No amenities listed,Unrated,No contact information available,No website available,https://www.openstreetmap.org/node/4344639590
Lotos Inn & Suites,Nairobi,Nairobi County,Kenya,A hotel located in Nairobi.,Check website,internet access,Unrated,"19, Mpaka road, Nairobi",https://lotos.co.ke/,https://www.openstreetmap.org/node/4427474554
Saab Royale Hotel,Nairobi,Nairobi County,Kenya,A hotel located in Nairobi.,Check website,No amenities listed,Unrated,No contact information available,No website available,https://www.openstreetmap.org/node/4447813053
Karen Crescent Hotel,Nairobi,Nairobi County,Kenya,A hotel located in Nairobi.,Check website,No amenities listed,Unrated,"KUFUKA ROAD KAREN P.O.BOX 53928-00200, Nairobi, Langata Road, Nairobi",No website available,https://www.openstreetmap.org/node/4460202363
Emerald Hotel,Nairobi,Nairobi County,Kenya,A hotel located in Nairobi.,Check website,No amenities listed,Unrated,"6th Flr, Krishna Centre,, Woodvale Grove, Nairobi",No website available,https://www.openstreetmap.org/node/4534024866
Jamia Central Hotel,Nairobi,Nairobi County,Kenya,A hotel located in Nairobi.,Check website,No amenities listed,Unrated,"Tubman Road, Nairobi",No website available,https://www.openstreetmap.org/node/4566588389
Arkland Palace Hotel,Nairobi,Nairobi County,Kenya,A hotel located in Nairobi.,Check website,No amenities listed,Unrated,No contact information available,No website available,https://www.openstreetmap.org/node/4974963309
Eron Hotel,Nairobi,Nairobi County,Kenya,A hotel located in Nairobi.,Check website,No amenities listed,Unrated,Kirinyaga Road,No website available,https://www.openstreetmap.org/node/4984233687
Tawi Hotel,Nairobi,Nairobi County,Kenya,A hotel located in Nairobi.,Check website,No amenities listed,Unrated,"Luthuli Avenue, Nairobi",No website available,https://www.openstreetmap.org/node/5001805025
Ginza restaurant,Nairobi,Nairobi County,Kenya,A hotel located in Nairobi.,Check website,No amenities listed,Unrated,No contact information available,No website available,https://www.openstreetmap.org/node/5054427023
Radisson Blu Hotel,Nairobi,Nairobi County,Kenya,A hotel located in Nairobi.,Check website,internet access,Unrated,"Elgon Road, Nairobi City",No website available,https://www.openstreetmap.org/node/5068428125
Nairobi Forest Lodge,Nairobi,Nairobi County,Kenya,A hotel located in Nairobi.,Check website,No amenities listed,Unrated,No contact information available,No website available,https://www.openstreetmap.org/node/5110352021
Hilton Garden Inn Nairobi Airport,Nairobi,Nairobi County,Kenya,"A hotel located in Nairobi, rated 4 stars.",Check website,internet access,4-star,"Mombasa Road, Nairobi",https://www.hilton.com/en/hotels/nboapgi-hilton-garden-inn-nairobi-airport/,https://www.openstreetmap.org/node/5149146395
Palm Tree Bed & Breakfast,Nairobi,Nairobi County,Kenya,A hotel located in Nairobi.,Check website,internet access,Unrated,"George Padmore Road, Nairobi",http://palmtree.co.ke,https://www.openstreetmap.org/node/5173020627
Phoenicia Hotel Kiambu,Nairobi,Nairobi County,Kenya,A hotel located in Nairobi.,Check website,No amenities listed,Unrated,No contact information available,No website available,https://www.openstreetmap.org/node/5327820988
Mvuli Suites,Nairobi,Nairobi County,Kenya,A hotel located in Nairobi.,Check website,No amenities listed,Unrated,No contact information available,No website available,https://www.openstreetmap.org/node/5328502134
Reymark Hotels & Restaurants,Nairobi,Nairobi County,Kenya,A hotel located in Nairobi.,Check website,No amenities listed,Unrated,No contact information available,No website available,https://www.openstreetmap.org/node/5329699676
Moran Lounge,Nairobi,Nairobi County,Kenya,A hotel located in Nairobi.,Check website,No amenities listed,Unrated,"Kiambu Road, KIAMBU",No website available,https://www.openstreetmap.org/node/5331537411
Jade Valley,Nairobi,Nairobi County,Kenya,A hotel located in Nairobi.,Check website,No amenities listed,Unrated,No contact information available,No website available,https://www.openstreetmap.org/node/5333061188
Grevilea Court,Nairobi,Nairobi County,Kenya,A hotel located in Nairobi.,Check website,No amenities listed,Unrated,No contact information available,No website available,https://www.openstreetmap.org/node/5333086584
The Panari Residence,Nairobi,Nairobi County,Kenya,A hotel located in Nairobi.,Check website,No amenities listed,Unrated,No contact information available,No website available,https://www.openstreetmap.org/node/5333131656
Soluxe Club Kenya,Nairobi,Nairobi County,Kenya,A hotel located in Nairobi.,Check website,No amenities listed,Unrated,"Apple Cross Road, Nairobi",No website available,https://www.openstreetmap.org/node/5339126544
Elizabeth Klemenik,Nairobi,Nairobi County,Kenya,A hotel located in Nairobi.,Check website,No amenities listed,Unrated,No contact information available,No website available,https://www.openstreetmap.org/node/5339151811
"Hotel RiverView, Westlands",Nairobi,Nairobi County,Kenya,A hotel located in Nairobi.,Check website,No amenities listed,Unrated,No contact information available,No website available,https://www.openstreetmap.org/node/5339369906
Alliance Hotel,Nairobi,Nairobi County,Kenya,A hotel located in Nairobi.,Check website,No amenities listed,Unrated,"Waiyaki Way Service Road, Nairobi",No website available,https://www.openstreetmap.org/node/5339380500
Red Ruby Hotel,Nairobi,Nairobi County,Kenya,A hotel located in Nairobi.,Check website,No amenities listed,Unrated,"Ojijo Road, Nairobi",No website available,https://www.openstreetmap.org/node/5339423497
The Zehneria Portico Nairobi,Nairobi,Nairobi County,Kenya,A hotel located in Nairobi.,Check website,No amenities listed,Unrated,"10,, Karuna road, Nairobi",No website available,https://www.openstreetmap.org/node/5340440368
Ruchira,Nairobi,Nairobi County,Kenya,A hotel located in Nairobi.,Check website,No amenities listed,Unrated,No contact information available,No website available,https://www.openstreetmap.org/node/5340597402
The Concord Hotel,Nairobi,Nairobi County,Kenya,A hotel located in Nairobi.,Check website,No amenities listed,Unrated,No contact information available,No website available,https://www.openstreetmap.org/node/5340914881
West Park Hotel,Nairobi,Nairobi County,Kenya,A hotel located in Nairobi.,Check website,No amenities listed,Unrated,"Taza Lane, Nairobi",No website available,https://www.openstreetmap.org/node/5340994791
Ridgeways Park Hotel,Nairobi,Nairobi County,Kenya,A hotel located in Nairobi.,Check website,No amenities listed,Unrated,"Ridgeways Springs, Nairobi",No website available,https://www.openstreetmap.org/node/5348847782
Gigiri Express Hotel,Nairobi,Nairobi County,Kenya,A hotel located in Nairobi.,Check website,"internet access, air conditioning",Unrated,"United Nations Avenue, Nairobi",No website available,https://www.openstreetmap.org/node/5352497170
Shanema Homes,Nairobi,Nairobi County,Kenya,A hotel located in Nairobi.,Check website,No amenities listed,Unrated,"UN Close, Nairobi",No website available,https://www.openstreetmap.org/node/5352705125
Gigiri Homestead,Nairobi,Nairobi County,Kenya,A hotel located in Nairobi.,Check website,No amenities listed,Unrated,"UN Close, Nairobi",No website available,https://www.openstreetmap.org/node/5352705126
Magna Hotel & Suites,Nairobi,Nairobi County,Kenya,A hotel located in Nairobi.,Check website,No amenities listed,Unrated,"United Nations Crescent, Nairobi",No website available,https://www.openstreetmap.org/node/5352705128
Limuru Road Express Hotel,Nairobi,Nairobi County,Kenya,A hotel located in Nairobi.,Check website,No amenities listed,Unrated,"Limuru Road, Nairobi",No website available,https://www.openstreetmap.org/node/5352811664
The Bedelle,Nairobi,Nairobi County,Kenya,A hotel located in Nairobi.,Check website,No amenities listed,Unrated,"No. 551 Runda Crescent, Nairobi",No website available,https://www.openstreetmap.org/node/5352866913
Nairobi Runda Villa,Nairobi,Nairobi County,Kenya,A hotel located in Nairobi.,Check website,No amenities listed,Unrated,"Runda Gardens Hibiscus Drive PO BOX 39803, Gigiri",No website available,https://www.openstreetmap.org/node/5352873570
Bermuda Garden Hotel,Nairobi,Nairobi County,Kenya,A hotel located in Nairobi.,Check website,No amenities listed,Unrated,"Soit Ololol Road, Nairobi",No website available,https://www.openstreetmap.org/node/5356215606
Karen Inn & Suites,Nairobi,Nairobi County,Kenya,A hotel located in Nairobi.,Check website,No amenities listed,Unrated,No contact information available,No website available,https://www.openstreetmap.org/node/5356748009
Bush House & Camp,Nairobi,Nairobi County,Kenya,A hotel located in Nairobi.,Check website,No amenities listed,Unrated,"silanga Avenue, Fair Acres Road Off Karen/Langata Road, Nairobi",No website available,https://www.openstreetmap.org/node/5356748010
Cold Springs Karen Boutique Hotel,Nairobi,Nairobi County,Kenya,A hotel located in Nairobi.,Check website,No amenities listed,Unrated,"Marula Ln, Nairobi",No website available,https://www.openstreetmap.org/node/5356833202
Karen Camp,Nairobi,Nairobi County,Kenya,A hotel located in Nairobi.,Check website,No amenities listed,Unrated,"Acacia Drive off Marula Lane, Off Karen Road, Nairobi, Kenya, Nairobi",No website available,https://www.openstreetmap.org/node/5356849304
Karen Blixen Camp,Nairobi,Nairobi County,Kenya,A hotel located in Nairobi.,Check website,No amenities listed,Unrated,"P.O. Box 9913,NAIROBI., 40 Marula Ln, Nairobi City",No website available,https://www.openstreetmap.org/node/5356853095
Disney Calabash Hotel,Nairobi,Nairobi County,Kenya,A hotel located in Nairobi.,Check website,No amenities listed,Unrated,"Ngong Road, Karen, Nairobi",No website available,https://www.openstreetmap.org/node/5360683976
Mbogani Cottages,Nairobi,Nairobi County,Kenya,A hotel located in Nairobi.,Check website,No amenities listed,Unrated,Mbogani Cottages,No website available,https://www.openstreetmap.org/node/5360972256
Collingham Gardens,Nairobi,Nairobi County,Kenya,A hotel located in Nairobi.,Check website,No amenities listed,Unrated,"Masai W Rd, Nairobi",No website available,https://www.openstreetmap.org/node/5360972285
House of Waine.,Nairobi,Nairobi County,Kenya,A hotel located in Nairobi.,Check website,No amenities listed,Unrated,"Masai Lane, Nairobi",No website available,https://www.openstreetmap.org/node/5360972290
Karen Getaway,Nairobi,Nairobi County,Kenya,A hotel located in Nairobi.,Check website,No amenities listed,Unrated,Karen Getaway,No website available,https://www.openstreetmap.org/node/5360972294
Blue Safari Club,Nairobi,Nairobi County,Kenya,A hotel located in Nairobi.,Check website,No amenities listed,Unrated,"Masai West Road, 25, Karen Hardy Area, P.O.Box 15026, Nairobi",No website available,https://www.openstreetmap.org/node/5360981057
Passionist Retreat House,Nairobi,Nairobi County,Kenya,A hotel located in Nairobi.,Check website,No amenities listed,Unrated,"133, Ushirika Rd, Nairobi",No website available,https://www.openstreetmap.org/node/5360981065
The Safari Collection,Nairobi,Nairobi County,Kenya,A hotel located in Nairobi.,Check website,No amenities listed,Unrated,"Giraffe Manor, Nairobi",No website available,https://www.openstreetmap.org/node/5361484411
Macushla House Ltd,Nairobi,Nairobi County,Kenya,A hotel located in Nairobi.,Check website,No amenities listed,Unrated,"P.O. Box 42510 Nguruwe Rd, Nairobi, Nguruwe Road, Nairobi",No website available,https://www.openstreetmap.org/node/5361484414
Royale Club Karen,Nairobi,Nairobi County,Kenya,A hotel located in Nairobi.,Check website,No amenities listed,Unrated,"Kuro Rd, Nairobi",No website available,https://www.openstreetmap.org/node/5361537065
Karen Embers,Nairobi,Nairobi County,Kenya,A hotel located in Nairobi.,Check website,No amenities listed,Unrated,"Fana Rd, Nairobi City",No website available,https://www.openstreetmap.org/node/5361637313
Palatial Gardens,Nairobi,Nairobi County,Kenya,A hotel located in Nairobi.,Check website,No amenities listed,Unrated,No contact information available,No website available,https://www.openstreetmap.org/node/5361637314
Bush Camp Hotel Nairobi,Nairobi,Nairobi County,Kenya,A hotel located in Nairobi.,Check website,No amenities listed,Unrated,"Fair Acres Rd, Nairobi City",No website available,https://www.openstreetmap.org/node/5361660120
Fair Acres Guest House,Nairobi,Nairobi County,Kenya,A hotel located in Nairobi.,Check website,No amenities listed,Unrated,"35, Fair Acres Road, Karen",No website available,https://www.openstreetmap.org/node/5361662221
AA Lodges,Nairobi,Nairobi County,Kenya,A hotel located in Nairobi.,Check website,No amenities listed,Unrated,"Kufuga Road, Nairobi",No website available,https://www.openstreetmap.org/node/5361662231
Naibor Camp,Nairobi,Nairobi County,Kenya,A hotel located in Nairobi.,Check website,No amenities listed,Unrated,"69 Kisembe Rd, Nairobi, Kisembe Lane, Nairobi",No website available,https://www.openstreetmap.org/node/5370854835
Rock House,Nairobi,Nairobi County,Kenya,A hotel located in Nairobi.,Check website,No amenities listed,Unrated,"Ndovu Rd, Nairobi, Ndovu Close, Nairobi",No website available,https://www.openstreetmap.org/node/5370854860
Kolping Conference Centre,Nairobi,Nairobi County,Kenya,A hotel located in Nairobi.,Check website,No amenities listed,Unrated,"Papai Road, Off, Magadi Rd, Ongata Rongai",No website available,https://www.openstreetmap.org/node/5370854912
Swara Safari Hotel,Nairobi,Nairobi County,Kenya,A hotel located in Nairobi.,Check website,No amenities listed,Unrated,No contact information available,No website available,https://www.openstreetmap.org/node/5370854914
"Bali's Best Resort, Nairobi Kenya",Nairobi,Nairobi County,Kenya,A hotel located in Nairobi.,Check website,No amenities listed,Unrated,"Magadi Road, Nairobi",No website available,https://www.openstreetmap.org/node/5370855121
Hotel Troy Nairobi,Nairobi,Nairobi County,Kenya,A hotel located in Nairobi.,Check website,No amenities listed,Unrated,"Seminary Road, Nairobi",No website available,https://www.openstreetmap.org/node/5370855161
Stedmak Gardens And Recreation Centre,Nairobi,Nairobi County,Kenya,A hotel located in Nairobi.,Check website,internet access,Unrated,"Mokoyeti Road East, Nairobi",https://stedmak.com/,https://www.openstreetmap.org/node/5371741548
Mokoyeti Downs,Nairobi,Nairobi County,Kenya,A hotel located in Nairobi.,Check website,No amenities listed,Unrated,"Academy Rd, Nairobi, Nairobi",No website available,https://www.openstreetmap.org/node/5371741554
The Team House,Nairobi,Nairobi County,Kenya,A hotel located in Nairobi.,Check website,No amenities listed,Unrated,No contact information available,No website available,https://www.openstreetmap.org/node/5372291830
Karen Bomas Inn,Nairobi,Nairobi County,Kenya,A hotel located in Nairobi.,Check website,No amenities listed,Unrated,"Gaens, Muiri Rd,, Muiri Rd, Nairobi",No website available,https://www.openstreetmap.org/node/5372292637
Aunt Ha's Cozy Home,Nairobi,Nairobi County,Kenya,A hotel located in Nairobi.,Check website,No amenities listed,Unrated,"Sunvalley Estate, House 59, Nairobi",No website available,https://www.openstreetmap.org/node/5372339351
Hotel Rio Nairobi,Nairobi,Nairobi County,Kenya,A hotel located in Nairobi.,Check website,No amenities listed,Unrated,"Corner of Birongo Square and Muthaiti Ave, Nairobi West, Nairobi, Kenya, Nairobi",No website available,https://www.openstreetmap.org/node/5372486936
Hotel Lazinos,Nairobi,Nairobi County,Kenya,A hotel located in Nairobi.,Check website,No amenities listed,Unrated,"Gandhi Ave, Nairobi City",No website available,https://www.openstreetmap.org/node/5372486937
Cider Wood Hotel,Nairobi,Nairobi County,Kenya,A hotel located in Nairobi.,Check website,No amenities listed,Unrated,"Gandhi Avenue, Nairobi",No website available,https://www.openstreetmap.org/node/5372486938
West Breeze Hotel,Nairobi,Nairobi County,Kenya,A hotel located in Nairobi.,Check website,No amenities listed,Unrated,"05, Masaba Rd, Nairobi",No website available,https://www.openstreetmap.org/node/5378414071
Mawensi Gardens Hotel,Nairobi,Nairobi County,Kenya,A hotel located in Nairobi.,Check website,No amenities listed,Unrated,"BayHill Gardens Apartment, 0100 Mawensi Rd, Nairobi",No website available,https://www.openstreetmap.org/node/5378425126
Kamake Garden,Nairobi,Nairobi County,Kenya,A hotel located in Nairobi.,Check website,No amenities listed,Unrated,"Mawesi Road, Upper Hill",No website available,https://www.openstreetmap.org/node/5378425129
Serena Hotels Sales Centre,Nairobi,Nairobi County,Kenya,A hotel located in Nairobi.,Check website,No amenities listed,Unrated,"Serena Hotels, 4th Avenue Ngong, Nairobi",No website available,https://www.openstreetmap.org/node/5383793250
Hadassah Hotel,Nairobi,Nairobi County,Kenya,A hotel located in Nairobi.,Check website,No amenities listed,Unrated,"Opposite upper hill medical centre, near Nairobi Hospital, Ralph Bunche Rd, Nairobi, Ralph Bunche Road, Nairobi",No website available,https://www.openstreetmap.org/node/5383793277
Hurlingham Hotel,Nairobi,Nairobi County,Kenya,A hotel located in Nairobi.,Check website,No amenities listed,Unrated,"Argwings Kodhek Road, Nairobi",No website available,https://www.openstreetmap.org/node/5414335616
Swiss Lenana Mount Hotel,Nairobi,Nairobi County,Kenya,A hotel located in Nairobi.,Check website,No amenities listed,Unrated,"Ralph Bunche Road, Nairobi",No website available,https://www.openstreetmap.org/node/5416191456
Hotel Africana 2006,Nairobi,Nairobi County,Kenya,A hotel located in Nairobi.,Check website,No amenities listed,Unrated,No contact information available,No website available,https://www.openstreetmap.org/node/5448172340
United Kenya Club,Nairobi,Nairobi County,Kenya,A hotel located in Nairobi.,Check website,No amenities listed,Unrated,No contact information available,No website available,https://www.openstreetmap.org/node/5482420879
Taran Hotel,Nairobi,Nairobi County,Kenya,A hotel located in Nairobi.,Check website,No amenities listed,Unrated,"Sergeant Kahande Street, Nairobi",No website available,https://www.openstreetmap.org/node/5494261905
Decale Palace Hotel,Nairobi,Nairobi County,Kenya,A hotel located in Nairobi.,Check website,No amenities listed,Unrated,"General Waruingi Street, Nairobi",https://decalepalacehotel.com/,https://www.openstreetmap.org/node/5494428197
Diamond Palace Hotel,Nairobi,Nairobi County,Kenya,A hotel located in Nairobi.,Check website,No amenities listed,Unrated,"General Waruingi Street, Nairobi",No website available,https://www.openstreetmap.org/node/5496066040
Jazera Hotel & Restaurant,Nairobi,Nairobi County,Kenya,A hotel located in Nairobi.,Check website,No amenities listed,Unrated,"Eastleigh 2nd Avenue, Nairobi",No website available,https://www.openstreetmap.org/node/5496066042
Sleep Inn,Nairobi,Nairobi County,Kenya,A hotel located in Nairobi.,Check website,No amenities listed,Unrated,"Ngara Road, Nairobi",No website available,https://www.openstreetmap.org/node/5539640430
Parkside Hotel / House,Nairobi,Nairobi County,Kenya,A hotel located in Nairobi.,Check website,No amenities listed,Unrated,"Monrovia Street, Nairobi",No website available,https://www.openstreetmap.org/node/5552467939
Latema Sacco;Nawas Hotel,Nairobi,Nairobi County,Kenya,A hotel located in Nairobi.,Check website,No amenities listed,Unrated,"Lagos Road;Firestation Lane, Nairobi",No website available,https://www.openstreetmap.org/node/5552492025
Nairobi Stay,Nairobi,Nairobi County,Kenya,A hotel located in Nairobi.,Check website,No amenities listed,Unrated,"James Gichuru Road, Nairobi",No website available,https://www.openstreetmap.org/node/6141848496
Elysian Resort,Nairobi,Nairobi County,Kenya,A hotel located in Nairobi.,Check website,No amenities listed,Unrated,"Kwaheri Road, Nairobi",No website available,https://www.openstreetmap.org/node/6161845823
Swiss-Belinn Nairobi,Nairobi,Nairobi County,Kenya,A hotel located in Nairobi.,Check website,No amenities listed,Unrated,"Kandara Road, Nairobi",No website available,https://www.openstreetmap.org/node/6170453001
Cedarwood Court,Nairobi,Nairobi County,Kenya,A hotel located in Nairobi.,Check website,No amenities listed,Unrated,"Kigwa Road, Nairobi",No website available,https://www.openstreetmap.org/node/6171172013
Karina Guest House,Nairobi,Nairobi County,Kenya,A hotel located in Nairobi.,Check website,No amenities listed,Unrated,"Marurui Road, Nairobi",No website available,https://www.openstreetmap.org/node/6171172034
Geo Mara Penthouse Lavington,Nairobi,Nairobi County,Kenya,A hotel located in Nairobi.,Check website,No amenities listed,Unrated,"Masanduku Lane, Nairobi",No website available,https://www.openstreetmap.org/node/6178983057
Wuduria Hotel,Nairobi,Nairobi County,Kenya,A hotel located in Nairobi.,Check website,No amenities listed,Unrated,"Mugo Kibiru Road, Nairobi",No website available,https://www.openstreetmap.org/node/6184435663
Tents Lounge & Hotel,Nairobi,Nairobi County,Kenya,A hotel located in Nairobi.,Check website,No amenities listed,Unrated,"Mombasa Road, Nairobi",No website available,https://www.openstreetmap.org/node/6208028477
Nairobi Airport Homestay,Nairobi,Nairobi County,Kenya,A hotel located in Nairobi.,Check website,No amenities listed,Unrated,"Muthama Access Road, Syokimau",No website available,https://www.openstreetmap.org/node/6210101357
Tausi Homes,Nairobi,Nairobi County,Kenya,A hotel located in Nairobi.,Check website,No amenities listed,Unrated,"Loneview Access Road, Syokimau",No website available,https://www.openstreetmap.org/node/6210101766
Cloud 9,Nairobi,Nairobi County,Kenya,A hotel located in Nairobi.,Check website,No amenities listed,Unrated,"Magadi Road, Rongai",No website available,https://www.openstreetmap.org/node/6218599557
New Usanii Restaurant,Nairobi,Nairobi County,Kenya,A hotel located in Nairobi.,Check website,No amenities listed,Unrated,"Magadi Road, Rongai",No website available,https://www.openstreetmap.org/node/6218599559
Ridgeville Resort and Conference Center,Nairobi,Nairobi County,Kenya,A hotel located in Nairobi.,Check website,No amenities listed,Unrated,"Ridgeways Road, Nairobi",No website available,https://www.openstreetmap.org/node/6224790469
Amani Conference Centre,Nairobi,Nairobi County,Kenya,A hotel located in Nairobi.,Check website,No amenities listed,Unrated,"Thika Road, Nairobi",No website available,https://www.openstreetmap.org/node/6224913781
Plums Hotel,Nairobi,Nairobi County,Kenya,A hotel located in Nairobi.,Check website,No amenities listed,Unrated,"Plums Lane, Nairobi",No website available,https://www.openstreetmap.org/node/6225462381
Parklands Villa Hotel,Nairobi,Nairobi County,Kenya,A hotel located in Nairobi.,Check website,No amenities listed,Unrated,"Plums Lane, Nairobi",No website available,https://www.openstreetmap.org/node/6225463189
Wambugu Grove Hotel,Nairobi,Nairobi County,Kenya,A hotel located in Nairobi.,Check website,No amenities listed,Unrated,"Wambugu Grove, Nairobi",No website available,https://www.openstreetmap.org/node/6225481483
Stardom Hotel,Nairobi,Nairobi County,Kenya,A hotel located in Nairobi.,Check website,No amenities listed,Unrated,"Kasarani Mwiki Road, Nairobi",No website available,https://www.openstreetmap.org/node/6249168397
Highway View Hotel,Nairobi,Nairobi County,Kenya,A hotel located in Nairobi.,Check website,No amenities listed,Unrated,"Thika Road, Nairobi",No website available,https://www.openstreetmap.org/node/6249531843
Kings Hotel,Nairobi,Nairobi County,Kenya,A hotel located in Nairobi.,Check website,No amenities listed,Unrated,"Thika Road, Nairobi",No website available,https://www.openstreetmap.org/node/6249531844
Dreamplace Bed and Breakfast,Nairobi,Nairobi County,Kenya,A hotel located in Nairobi.,Check website,No amenities listed,Unrated,"United Nations Crescent, Nairobi",No website available,https://www.openstreetmap.org/node/6257561357
Trademark Hotel,Nairobi,Nairobi County,Kenya,A hotel located in Nairobi.,Check website,"internet access, air conditioning",Unrated,"Limuru Road, Nairobi",No website available,https://www.openstreetmap.org/node/6257561358
Village Villa,Nairobi,Nairobi County,Kenya,A hotel located in Nairobi.,Check website,No amenities listed,Unrated,"United Nations Crescent, Nairobi",No website available,https://www.openstreetmap.org/node/6257561359
"Tribe Hotel, Village Market",Nairobi,Nairobi County,Kenya,A hotel located in Nairobi.,Check website,No amenities listed,Unrated,"Limuru Road, Nairobi",No website available,https://www.openstreetmap.org/node/6257561365
Nairobi Airport Resthouse,Nairobi,Nairobi County,Kenya,A hotel located in Nairobi.,Check website,No amenities listed,Unrated,Nairobi,No website available,https://www.openstreetmap.org/node/6259798913
La Palms Hotel,Nairobi,Nairobi County,Kenya,A hotel located in Nairobi.,Check website,No amenities listed,Unrated,"Outer Ring Road, Nairobi",No website available,https://www.openstreetmap.org/node/6259798916
Regional Hotel Nrb,Nairobi,Nairobi County,Kenya,A hotel located in Nairobi.,Check website,No amenities listed,Unrated,"Outer Ring Road, Nairobi",No website available,https://www.openstreetmap.org/node/6259798924
The Pebble Hotel,Nairobi,Nairobi County,Kenya,A hotel located in Nairobi.,Check website,No amenities listed,Unrated,"Outer Ring Road, Nairobi",No website available,https://www.openstreetmap.org/node/6259798928
Rusam Villa Guest House - Official,Nairobi,Nairobi County,Kenya,A hotel located in Nairobi.,Check website,No amenities listed,Unrated,"Nara Court, Nairobi",No website available,https://www.openstreetmap.org/node/6259860366
PrideInn Suites Lantana,Nairobi,Nairobi County,Kenya,A hotel located in Nairobi.,Check website,internet access,Unrated,"East Church Road, Nairobi",https://www.prideinn.co.ke/prideinn-suites-lantana/,https://www.openstreetmap.org/node/6536333979
Kuku Mart,Nairobi,Nairobi County,Kenya,A hotel located in Nairobi.,Check website,No amenities listed,Unrated,"Kiungani Road, Nairobi",No website available,https://www.openstreetmap.org/node/6808015993
Acacia Hotel,Nairobi,Nairobi County,Kenya,A hotel located in Nairobi.,Check website,No amenities listed,Unrated,"Airport North Road, Nairobi",No website available,https://www.openstreetmap.org/node/6812208448
Claire's Haven,Nairobi,Nairobi County,Kenya,A hotel located in Nairobi.,Check website,No amenities listed,Unrated,Nairobi,No website available,https://www.openstreetmap.org/node/6817315476
Piccassa Lounge,Nairobi,Nairobi County,Kenya,A hotel located in Nairobi.,Check website,No amenities listed,Unrated,"Mumias South Road, Buruburu",No website available,https://www.openstreetmap.org/node/6817327508
Masai Mara,Nairobi,Nairobi County,Kenya,A hotel located in Nairobi.,Check website,No amenities listed,Unrated,"Mvuma Nyuki Street, Nairobi",No website available,https://www.openstreetmap.org/node/6817523431
Red Square Villas,Nairobi,Nairobi County,Kenya,A hotel located in Nairobi.,Check website,No amenities listed,Unrated,"Kangundo Road, Nairobi",No website available,https://www.openstreetmap.org/node/6819930267
Gatanga Travellers Inn,Nairobi,Nairobi County,Kenya,A hotel located in Nairobi.,Check website,No amenities listed,Unrated,"Kasarani Mwiki Road, Nairobi",No website available,https://www.openstreetmap.org/node/6826671293
Madola,Nairobi,Nairobi County,Kenya,A hotel located in Nairobi.,Check website,No amenities listed,Unrated,"Kasarani Mwiki Road, Nairobi",No website available,https://www.openstreetmap.org/node/6826671304
Milele Hotel,Nairobi,Nairobi County,Kenya,A hotel located in Nairobi.,Check website,No amenities listed,Unrated,"Muhoho Avenue, Nairobi",No website available,https://www.openstreetmap.org/node/6830400010
Hotel Rudi,Nairobi,Nairobi County,Kenya,A hotel located in Nairobi.,Check website,No amenities listed,Unrated,"Silanga Road, Nairobi",No website available,https://www.openstreetmap.org/node/6830686465
Tiwi lounge,Nairobi,Nairobi County,Kenya,A hotel located in Nairobi.,Check website,No amenities listed,Unrated,"Langata Road, Nairobi",No website available,https://www.openstreetmap.org/node/6830809535
Fairacres Karen,Nairobi,Nairobi County,Kenya,A hotel located in Nairobi.,Check website,No amenities listed,Unrated,"Hekima Road, Nairobi",No website available,https://www.openstreetmap.org/node/6830809537
Pearl Palace,Nairobi,Nairobi County,Kenya,A hotel located in Nairobi.,Check website,No amenities listed,Unrated,Nairobi,No website available,https://www.openstreetmap.org/node/6840717199
Hotel Mariposa,Nairobi,Nairobi County,Kenya,A hotel located in Nairobi.,Check website,No amenities listed,Unrated,"Neno Plaza, 72, River Road",No website available,https://www.openstreetmap.org/node/7113666586
The Fuse,Nairobi,Nairobi County,Kenya,A hotel located in Nairobi.,Check website,No amenities listed,Unrated,"Kiambu Road, KIAMBU",No website available,https://www.openstreetmap.org/node/7175160066
The strand leisure hotel,Nairobi,Nairobi County,Kenya,A hotel located in Nairobi.,Check website,No amenities listed,Unrated,Gandhi Avenue,No website available,https://www.openstreetmap.org/node/7657781685
"Sandalwood Kitisuru, Nairobi, Kenya",Nairobi,Nairobi County,Kenya,A hotel located in Nairobi.,Check website,No amenities listed,Unrated,Ngecha Road,No website available,https://www.openstreetmap.org/node/7686965507
Villa Paradisio,Nairobi,Nairobi County,Kenya,A hotel located in Nairobi.,Check website,No amenities listed,Unrated,No contact information available,No website available,https://www.openstreetmap.org/node/7686965508
Maruti gardens,Nairobi,Nairobi County,Kenya,A hotel located in Nairobi.,Check website,No amenities listed,Unrated,No contact information available,No website available,https://www.openstreetmap.org/node/7686965509
The Social House,Nairobi,Nairobi County,Kenya,A hotel located in Nairobi.,Check website,No amenities listed,Unrated,"James Gichuru Road, Nairobi",No website available,https://www.openstreetmap.org/node/8193801353
Seasons Airport,Nairobi,Nairobi County,Kenya,A hotel located in Nairobi.,Check website,No amenities listed,Unrated,"Embakasi Road, Nairobi",No website available,https://www.openstreetmap.org/node/8296786367
Melili,Nairobi,Nairobi County,Kenya,A hotel located in Nairobi.,Check website,No amenities listed,Unrated,"Melili Road, South B",No website available,https://www.openstreetmap.org/node/8342029550
Greenvale,Nairobi,Nairobi County,Kenya,A hotel located in Nairobi.,Check website,No amenities listed,Unrated,"Kiamumbi Road, Nairobi",No website available,https://www.openstreetmap.org/node/8345317203
The Shed,Nairobi,Nairobi County,Kenya,A hotel located in Nairobi.,Check website,No amenities listed,Unrated,"Getathuru Road, Nairobi",No website available,https://www.openstreetmap.org/node/8360955491
One-Forty-Eight,Nairobi,Nairobi County,Kenya,A hotel located in Nairobi.,Check website,No amenities listed,Unrated,"Kikkeni Drive, Nairobi",No website available,https://www.openstreetmap.org/node/8367414593
Osoita Lodge,Nairobi,Nairobi County,Kenya,A hotel located in Nairobi.,Check website,No amenities listed,Unrated,"Masai Lodge Road, Rongai",No website available,https://www.openstreetmap.org/node/8371880124
Olarro Hotel,Nairobi,Nairobi County,Kenya,A hotel located in Nairobi.,Check website,No amenities listed,Unrated,"Masai Lodge Road, Nairobi",No website available,https://www.openstreetmap.org/node/8371880133
Masai Lodge,Nairobi,Nairobi County,Kenya,A hotel located in Nairobi.,Check website,No amenities listed,Unrated,Nairobi,No website available,https://www.openstreetmap.org/node/8371880135
Ololo Safari Lodge,Nairobi,Nairobi County,Kenya,A hotel located in Nairobi.,Check website,No amenities listed,Unrated,Nairobi,No website available,https://www.openstreetmap.org/node/8371880136
The Emakoko,Nairobi,Nairobi County,Kenya,A hotel located in Nairobi.,Check website,No amenities listed,Unrated,Nairobi,No website available,https://www.openstreetmap.org/node/8371880137
67 Airport,Nairobi,Nairobi County,Kenya,A hotel located in Nairobi.,Check website,No amenities listed,Unrated,"Muthama Access Road, Nairobi",No website available,https://www.openstreetmap.org/node/8371880145
Davana Hotel,Nairobi,Nairobi County,Kenya,A hotel located in Nairobi.,Check website,air conditioning,Unrated,No contact information available,No website available,https://www.openstreetmap.org/node/8394921553
Hotel Kepler,Nairobi,Nairobi County,Kenya,A hotel located in Nairobi.,Check website,No amenities listed,Unrated,No contact information available,No website available,https://www.openstreetmap.org/node/8681451618
DNM Events Park,Nairobi,Nairobi County,Kenya,A hotel located in Nairobi.,Check website,No amenities listed,Unrated,No contact information available,No website available,https://www.openstreetmap.org/node/8864598118
Zima,Nairobi,Nairobi County,Kenya,A hotel located in Nairobi.,Check website,No amenities listed,Unrated,"Kamiti Road, Zimmerman",No website available,https://www.openstreetmap.org/node/9014259342
Otumbo Hotel,Nairobi,Nairobi County,Kenya,A hotel located in Nairobi.,Check website,No amenities listed,Unrated,No contact information available,No website available,https://www.openstreetmap.org/node/9037539710
smarts residence,Nairobi,Nairobi County,Kenya,A hotel located in Nairobi.,Check website,internet access,Unrated,"Riara Lane, Nairobi",No website available,https://www.openstreetmap.org/node/9364168511
Rigdeways park hotel,Nairobi,Nairobi County,Kenya,A hotel located in Nairobi.,Check website,No amenities listed,Unrated,No contact information available,No website available,https://www.openstreetmap.org/node/10080456617
Marrkson Suites,Nairobi,Nairobi County,Kenya,A hotel located in Nairobi.,Check website,No amenities listed,Unrated,No contact information available,No website available,https://www.openstreetmap.org/node/10566929709
Shariif Hotel,Nairobi,Nairobi County,Kenya,A hotel located in Nairobi.,Check website,internet access,Unrated,Eastleigh 1st Avenue,No website available,https://www.openstreetmap.org/node/10646625105
hotel,Nairobi,Nairobi County,Kenya,A hotel located in Nairobi.,Check website,No amenities listed,Unrated,No contact information available,No website available,https://www.openstreetmap.org/node/10789830948
Safari restaurant base,Nairobi,Nairobi County,Kenya,A hotel located in Nairobi.,Check website,No amenities listed,Unrated,No contact information available,No website available,https://www.openstreetmap.org/node/10941467816
Daily Harvest Gardens,Nairobi,Nairobi County,Kenya,A hotel located in Nairobi.,Check website,No amenities listed,Unrated,No contact information available,No website available,https://www.openstreetmap.org/node/10965472707
ILRI Hostel,Nairobi,Nairobi County,Kenya,A hotel located in Nairobi.,Check website,internet access,Unrated,No contact information available,No website available,https://www.openstreetmap.org/node/10973962381
JW Marriott,Nairobi,Nairobi County,Kenya,A hotel located in Nairobi.,Check website,No amenities listed,Unrated,No contact information available,https://jw-marriott.marriott.com/,https://www.openstreetmap.org/node/11217260906
Longonot Place Serviced Apartments,Nairobi,Nairobi County,Kenya,A hotel located in Nairobi.,Check website,No amenities listed,Unrated,+254 722 205870,https://www.longonotplace.co.ke/,https://www.openstreetmap.org/node/11364992954
Norfolk Towers Serviced Apartments,Nairobi,Nairobi County,Kenya,A hotel located in Nairobi.,Check website,No amenities listed,Unrated,+254 20 2220032,https://www.norfolktowers.co.ke/,https://www.openstreetmap.org/node/11364992955
The Clarion Hotel,Nairobi,Nairobi County,Kenya,A hotel located in Nairobi.,Check website,No amenities listed,Unrated,+254 721 485 024,https://theclarionhotel.co.ke,https://www.openstreetmap.org/node/11364992956
Mulwa whites,Nairobi,Nairobi County,Kenya,A hotel located in Nairobi.,Check website,No amenities listed,Unrated,+254 07 1442 3205,No website available,https://www.openstreetmap.org/node/11607888081
"Kwetu Nairobi, Curio Collection by Hilton",Nairobi,Nairobi County,Kenya,"A hotel located in Nairobi, rated 5 stars.",Check website,internet access,5-star,"Peponi Road, Nairobi",https://www.hilton.com/en/hotels/nboknqq-kwetu-nairobi/,https://www.openstreetmap.org/node/11953157224
Kozi Suites,Nairobi,Nairobi County,Kenya,A hotel located in Nairobi.,Check website,No amenities listed,Unrated,Chady Road,No website available,https://www.openstreetmap.org/node/11999582570
Impala Hotel,Nairobi,Nairobi County,Kenya,A hotel located in Nairobi.,Check website,No amenities listed,Unrated,No contact information available,No website available,https://www.openstreetmap.org/node/12075947853
Severine Cottages,Nairobi,Nairobi County,Kenya,A hotel located in Nairobi.,Check website,internet access,Unrated,"37B, Lamwia Road, Nairobi",https://www.severinecottages.com/,https://www.openstreetmap.org/node/12104557667
Royal Surbubs by Tsavo,Nairobi,Nairobi County,Kenya,A hotel located in Nairobi.,Check website,No amenities listed,Unrated,Lumumba Drive,No website available,https://www.openstreetmap.org/node/12114145105
Best Western Plus Westlands,Nairobi,Nairobi County,Kenya,A hotel located in Nairobi.,Check website,internet access,Unrated,No contact information available,https://www.bestwestern.com/en_US/book/nairobi/hotel-rooms/best-western-plus-westlands/propertyCode.75155.html,https://www.openstreetmap.org/node/12157254773
Fire Hotel,Nairobi,Nairobi County,Kenya,A hotel located in Nairobi.,Check website,No amenities listed,Unrated,No contact information available,No website available,https://www.openstreetmap.org/node/12166895796
Tea Zone Hotel,Nairobi,Nairobi County,Kenya,A hotel located in Nairobi.,Check website,No amenities listed,Unrated,No contact information available,No website available,https://www.openstreetmap.org/node/12168516997
Crossroads Hotel,Nairobi,Nairobi County,Kenya,A hotel located in Nairobi.,Check website,internet access,Unrated,No contact information available,No website available,https://www.openstreetmap.org/node/12278089901
Freedom Heights,Nairobi,Nairobi County,Kenya,A hotel located in Nairobi.,Check website,No amenities listed,Unrated,No contact information available,No website available,https://www.openstreetmap.org/node/12886281788
Five Star,Nairobi,Nairobi County,Kenya,A hotel located in Nairobi.,Check website,No amenities listed,Unrated,No contact information available,No website available,https://www.openstreetmap.org/node/12886374871
Brad's Place- Tela Inn Bodaboda Stage,Nairobi,Nairobi County,Kenya,A hotel located in Nairobi.,Check website,No amenities listed,Unrated,No contact information available,No website available,https://www.openstreetmap.org/node/12886532095
Chief�s Camp,Nairobi,Nairobi County,Kenya,A hotel located in Nairobi.,Check website,No amenities listed,Unrated,No contact information available,No website available,https://www.openstreetmap.org/node/12886546518
Argyle Grand Hotel Nairobi Airport,Nairobi,Nairobi County,Kenya,A hotel located in Nairobi.,Check website,internet access,Unrated,"27800-00100, Mombasa Road",https://argylehotelkenya.ke,https://www.openstreetmap.org/node/13230195601
Sislink hotel (1000 kes חדר פרטי ללילה),Nairobi,Nairobi County,Kenya,A hotel located in Nairobi.,Check website,internet access,Unrated,Kirinyaga Road,No website available,https://www.openstreetmap.org/node/13310664101
Kibandaski,Nairobi,Nairobi County,Kenya,A hotel located in Nairobi.,Check website,No amenities listed,Unrated,No contact information available,No website available,https://www.openstreetmap.org/node/13354983235
PETER SHOP,Nairobi,Nairobi County,Kenya,A hotel located in Nairobi.,Check website,No amenities listed,Unrated,No contact information available,No website available,https://www.openstreetmap.org/node/13355000845
Kapok City Hotel,Nairobi,Nairobi County,Kenya,A hotel located in Nairobi.,Check website,No amenities listed,Unrated,Latema Road,No website available,https://www.openstreetmap.org/node/13392287501
Razana Hotel,Nairobi,Nairobi County,Kenya,A hotel located in Nairobi.,Check website,No amenities listed,Unrated,No contact information available,No website available,https://www.openstreetmap.org/node/13430013701
Nifah,Nairobi,Nairobi County,Kenya,A hotel located in Nairobi.,Check website,No amenities listed,Unrated,Nairobi,No website available,https://www.openstreetmap.org/node/13433204101
Sagas Hotel,Nairobi,Nairobi County,Kenya,A hotel located in Nairobi.,Check website,No amenities listed,Unrated,No contact information available,No website available,https://www.openstreetmap.org/node/13529034630
Hays Suites Hotel,Nairobi,Nairobi County,Kenya,A hotel located in Nairobi.,Check website,No amenities listed,Unrated,No contact information available,No website available,https://www.openstreetmap.org/node/13952679201
InterContinental Hotel,Nairobi,Nairobi County,Kenya,"A hotel located in Nairobi, rated 5 stars.",Check website,internet access,5-star,"City Hall Way, Nairobi",No website available,https://www.openstreetmap.org/way/40925985
Jacaranda Hotel,Nairobi,Nairobi County,Kenya,A hotel located in Nairobi.,Check website,No amenities listed,Unrated,No contact information available,No website available,https://www.openstreetmap.org/way/51068213
Fairmont The Norfolk,Nairobi,Nairobi County,Kenya,A hotel located in Nairobi.,Check website,No amenities listed,Unrated,"Harry Thuku Road, Nairobi",https://www.fairmont.com/norfolk-hotel-nairobi/,https://www.openstreetmap.org/way/83245285
Miami Global Hotel,Nairobi,Nairobi County,Kenya,A hotel located in Nairobi.,Check website,No amenities listed,Unrated,"Mbagathi Road, Nairobi",https://www.miamiglobalhotel.co.ke/,https://www.openstreetmap.org/way/103156431
Grand Holiday Hotel Or Club Signature,Nairobi,Nairobi County,Kenya,A hotel located in Nairobi.,Check website,No amenities listed,Unrated,"Tsavo Road, Nairobi",No website available,https://www.openstreetmap.org/way/123242659
Sandton Palace Hotel,Nairobi,Nairobi County,Kenya,A hotel located in Nairobi.,Check website,No amenities listed,Unrated,"Taveta Road, Nairobi",No website available,https://www.openstreetmap.org/way/123242674
Oakwood Hotel,Nairobi,Nairobi County,Kenya,A hotel located in Nairobi.,Check website,No amenities listed,Unrated,"Kimathi Street, Nairobi",No website available,https://www.openstreetmap.org/way/123272005
Mid - View Hotel,Nairobi,Nairobi County,Kenya,A hotel located in Nairobi.,Check website,No amenities listed,Unrated,"Latema Road, Nairobi",No website available,https://www.openstreetmap.org/way/123365083
Marble Arch Hotel,Nairobi,Nairobi County,Kenya,A hotel located in Nairobi.,Check website,No amenities listed,Unrated,"Lagos Road, Nairobi",No website available,https://www.openstreetmap.org/way/123449868
Rivers Corner Hotel,Nairobi,Nairobi County,Kenya,A hotel located in Nairobi.,Check website,No amenities listed,Unrated,"4, River Road, Nairobi",No website available,https://www.openstreetmap.org/way/123451903
Hotel Raya,Nairobi,Nairobi County,Kenya,A hotel located in Nairobi.,Check website,internet access,Unrated,No contact information available,No website available,https://www.openstreetmap.org/way/123451913
Decasa hotel,Nairobi,Nairobi County,Kenya,A hotel located in Nairobi.,Check website,No amenities listed,Unrated,"River Road, Nairobi",No website available,https://www.openstreetmap.org/way/123451915
Sunrise Hotel,Nairobi,Nairobi County,Kenya,A hotel located in Nairobi.,Check website,No amenities listed,Unrated,"Keekorok Road, Nairobi",No website available,https://www.openstreetmap.org/way/123452837
BAKARI HOTEL,Nairobi,Nairobi County,Kenya,A hotel located in Nairobi.,Check website,No amenities listed,Unrated,"PO Box 2345 00100 NRB Location:Isleigh Section Three Cathedral Rd, Nairobi City",No website available,https://www.openstreetmap.org/way/123614146
Adenbay City Hotel,Nairobi,Nairobi County,Kenya,A hotel located in Nairobi.,Check website,No amenities listed,Unrated,"Luthuli Avenue, Nairobi",No website available,https://www.openstreetmap.org/way/123699897
Hotel Accra,Nairobi,Nairobi County,Kenya,A hotel located in Nairobi.,Check website,No amenities listed,Unrated,"Gaberone Lane, Nairobi",No website available,https://www.openstreetmap.org/way/123701923
The Clarion Hotel Nairobi,Nairobi,Nairobi County,Kenya,A hotel located in Nairobi.,Check website,internet access,Unrated,"Moi Avenue, Nairobi",No website available,https://www.openstreetmap.org/way/125107766
Best Western Plus Meridian,Nairobi,Nairobi County,Kenya,A hotel located in Nairobi.,Check website,internet access,Unrated,"Murang'a Road, Nairobi",No website available,https://www.openstreetmap.org/way/125107771
Delta Hotel,Nairobi,Nairobi County,Kenya,A hotel located in Nairobi.,Check website,No amenities listed,Unrated,"Moi Avenue, Nairobi",No website available,https://www.openstreetmap.org/way/125141099
Kahama Hotel,Nairobi,Nairobi County,Kenya,A hotel located in Nairobi.,Check website,No amenities listed,Unrated,"Murang'a Road, Nairobi",No website available,https://www.openstreetmap.org/way/125224206
Town Lodge Upper Hill Actual Location,Nairobi,Nairobi County,Kenya,A hotel located in Nairobi.,Check website,No amenities listed,Unrated,"2nd Avenue Ngong, Nairobi",No website available,https://www.openstreetmap.org/way/125329541
Town Lodge Upper Hill Nairobi,Nairobi,Nairobi County,Kenya,A hotel located in Nairobi.,Check website,No amenities listed,Unrated,"2nd Avenue Ngong, Nairobi",No website available,https://www.openstreetmap.org/way/125329555
Fairview Apartments,Nairobi,Nairobi County,Kenya,A hotel located in Nairobi.,Check website,No amenities listed,Unrated,"Bishop Road, Nairobi",No website available,https://www.openstreetmap.org/way/125333515
Acacia Gardens Homestay,Nairobi,Nairobi County,Kenya,A hotel located in Nairobi.,Check website,No amenities listed,Unrated,"Ralph Bunche Road, Nairobi",No website available,https://www.openstreetmap.org/way/125335534
Sarova Panafric Hotel Nairobi,Nairobi,Nairobi County,Kenya,A hotel located in Nairobi.,Check website,No amenities listed,Unrated,"Valley Road, Nairobi",No website available,https://www.openstreetmap.org/way/125336234
Palacina,Nairobi,Nairobi County,Kenya,A hotel located in Nairobi.,Check website,No amenities listed,Unrated,No contact information available,No website available,https://www.openstreetmap.org/way/126445919
Hotel Southern Blue,Nairobi,Nairobi County,Kenya,A hotel located in Nairobi.,Check website,No amenities listed,Unrated,"Musindi Road, Nairobi",No website available,https://www.openstreetmap.org/way/126905210
Fig Tree Hotel,Nairobi,Nairobi County,Kenya,A hotel located in Nairobi.,Check website,No amenities listed,Unrated,"Murang'a Road, Nairobi",No website available,https://www.openstreetmap.org/way/130230076
Nairobi Transit Hotel,Nairobi,Nairobi County,Kenya,A hotel located in Nairobi.,Check website,air conditioning,Unrated,"Limuru Road, Nairobi",No website available,https://www.openstreetmap.org/way/130236029
Amani Lodge And Acommodation,Nairobi,Nairobi County,Kenya,A hotel located in Nairobi.,Check website,No amenities listed,Unrated,"Mushembi Road, Nairobi",No website available,https://www.openstreetmap.org/way/130252008
Serena Central Stores Nairobi Kenya,Nairobi,Nairobi County,Kenya,A hotel located in Nairobi.,Check website,No amenities listed,Unrated,"Mombasa Road, Nairobi",No website available,https://www.openstreetmap.org/way/216372229
Novotel,Nairobi,Nairobi County,Kenya,A hotel located in Nairobi.,Check website,No amenities listed,Unrated,"Lower Kabete Road, Nairobi",https://all.accor.com/hotel/9332/index.en.shtml,https://www.openstreetmap.org/way/238856091
Villa Rosa Kempinski,Nairobi,Nairobi County,Kenya,"A hotel located in Nairobi, rated 5 stars.",Check website,No amenities listed,5-star,"Waiyaki Way, Nairobi",No website available,https://www.openstreetmap.org/way/239044333
Nairobi Serena,Nairobi,Nairobi County,Kenya,A hotel located in Nairobi.,Check website,No amenities listed,Unrated,"Kenyatta Avenue, Nairobi",No website available,https://www.openstreetmap.org/way/239940264
Lenana House Conference Centre,Nairobi,Nairobi County,Kenya,A hotel located in Nairobi.,Check website,No amenities listed,Unrated,No contact information available,No website available,https://www.openstreetmap.org/way/239942397
Kigwa Guest Cabins,Nairobi,Nairobi County,Kenya,A hotel located in Nairobi.,Check website,No amenities listed,Unrated,"Kigwa Road, Nairobi",No website available,https://www.openstreetmap.org/way/240066326
Olive Gardens Hotel,Nairobi,Nairobi County,Kenya,A hotel located in Nairobi.,Check website,No amenities listed,Unrated,"Argwings Kodhek Road, Nairobi",No website available,https://www.openstreetmap.org/way/242986508
Comfort Gardens,Nairobi,Nairobi County,Kenya,A hotel located in Nairobi.,Check website,No amenities listed,Unrated,"Limuru Road, Nairobi",No website available,https://www.openstreetmap.org/way/246601567
The Heron Hotel,Nairobi,Nairobi County,Kenya,"A hotel located in Nairobi, rated 4 stars.",Check website,internet access,4-star,"Milimani Road, Nairobi",https://www.sarovarhotels.com/the-heron-portico-nairobi/,https://www.openstreetmap.org/way/247373432
Kivi Milimani Hotel,Nairobi,Nairobi County,Kenya,A hotel located in Nairobi.,Check website,No amenities listed,Unrated,"Milimani Road, Nairobi",No website available,https://www.openstreetmap.org/way/247567722
New Hillcrest Hotel,Nairobi,Nairobi County,Kenya,A hotel located in Nairobi.,Check website,No amenities listed,Unrated,"Waiyaki Way, Nairobi",No website available,https://www.openstreetmap.org/way/248896822
Upper Hill Hotel,Nairobi,Nairobi County,Kenya,A hotel located in Nairobi.,Check website,No amenities listed,Unrated,"Upper Hill, Off matumbato Rd, Nairobi",http://nairobiupperhillhotel.com/,https://www.openstreetmap.org/way/259712388
Rosslyn View,Nairobi,Nairobi County,Kenya,A hotel located in Nairobi.,Check website,No amenities listed,Unrated,No contact information available,No website available,https://www.openstreetmap.org/way/263599205
The Boma Nairobi,Nairobi,Nairobi County,Kenya,A hotel located in Nairobi.,Check website,internet access,Unrated,No contact information available,No website available,https://www.openstreetmap.org/way/271393400
Hemingways Nairobi,Nairobi,Nairobi County,Kenya,A hotel located in Nairobi.,Check website,No amenities listed,Unrated,"Mbagathi Ridge, Nairobi",No website available,https://www.openstreetmap.org/way/288264460
The Sarova Stanley Hotel,Nairobi,Nairobi County,Kenya,A hotel located in Nairobi.,Check website,No amenities listed,Unrated,"Kimathi Street, Nairobi",No website available,https://www.openstreetmap.org/way/290323492
67 Airport Hotel,Nairobi,Nairobi County,Kenya,A hotel located in Nairobi.,Check website,No amenities listed,Unrated,"P.O. Box 172, Nairobi",https://67airporthotel.co.ke/,https://www.openstreetmap.org/way/321573435
Jungle Junction,Nairobi,Nairobi County,Kenya,A hotel located in Nairobi.,Check website,No amenities listed,Unrated,No contact information available,No website available,https://www.openstreetmap.org/way/332160559
The Laibon Hotel,Nairobi,Nairobi County,Kenya,A hotel located in Nairobi.,Check website,No amenities listed,Unrated,No contact information available,No website available,https://www.openstreetmap.org/way/366571567
Esgray Hostels Westlands,Nairobi,Nairobi County,Kenya,A hotel located in Nairobi.,Check website,No amenities listed,Unrated,"Westlands Road, Nairobi",No website available,https://www.openstreetmap.org/way/386595821
Pride Inn Gardens,Nairobi,Nairobi County,Kenya,A hotel located in Nairobi.,Check website,No amenities listed,Unrated,"24, Westlands Road, Nairobi",No website available,https://www.openstreetmap.org/way/386595822
Golden Tulip Westlands Nairobi Hotel,Nairobi,Nairobi County,Kenya,A hotel located in Nairobi.,Check website,No amenities listed,Unrated,"65, Muthithi Road, Nairobi",No website available,https://www.openstreetmap.org/way/459762186
Crowne Plaza Nairobi Airport,Nairobi,Nairobi County,Kenya,A hotel located in Nairobi.,Check website,internet access,Unrated,"First Freight Lane, Nairobi",https://www.ihg.com/crowneplaza/hotels/gb/en/nairobi/nboir/hoteldetail;https://www.ihg.com/crowneplaza/hotels/us/en/nairobi/nboir/hoteldetail,https://www.openstreetmap.org/way/464100054
Harkness Cottage & Hotel,Nairobi,Nairobi County,Kenya,A hotel located in Nairobi.,Check website,No amenities listed,Unrated,"Mbagathi Ridge, Nairobi",No website available,https://www.openstreetmap.org/way/475767027
Clarence House Hotel,Nairobi,Nairobi County,Kenya,A hotel located in Nairobi.,Check website,No amenities listed,Unrated,No contact information available,No website available,https://www.openstreetmap.org/way/523784192
Muthaiga Golf Club,Nairobi,Nairobi County,Kenya,A hotel located in Nairobi.,Check website,No amenities listed,Unrated,"Mua Park Road, Nairobi",No website available,https://www.openstreetmap.org/way/524758040
PrideInn Azure,Nairobi,Nairobi County,Kenya,A hotel located in Nairobi.,Check website,No amenities listed,Unrated,"Lantana Road, Nairobi",No website available,https://www.openstreetmap.org/way/553077556
Westend Hotel,Nairobi,Nairobi County,Kenya,A hotel located in Nairobi.,Check website,No amenities listed,Unrated,"Lower Kabete Road, Nairobi",No website available,https://www.openstreetmap.org/way/553218876
Mayweather Suites,Nairobi,Nairobi County,Kenya,A hotel located in Nairobi.,Check website,No amenities listed,Unrated,"Limuru Road, Kiambu",No website available,https://www.openstreetmap.org/way/553671348
Deka Hotel,Nairobi,Nairobi County,Kenya,A hotel located in Nairobi.,Check website,No amenities listed,Unrated,"Ngara Road, Nairobi",No website available,https://www.openstreetmap.org/way/554019639
Le Papillon,Nairobi,Nairobi County,Kenya,A hotel located in Nairobi.,Check website,No amenities listed,Unrated,No contact information available,No website available,https://www.openstreetmap.org/way/554659756
215 Karen Garden,Nairobi,Nairobi County,Kenya,A hotel located in Nairobi.,Check website,No amenities listed,Unrated,"Farah Road, off Forest View Road, Karen, Nairobi",No website available,https://www.openstreetmap.org/way/555176461
Karen Gables,Nairobi,Nairobi County,Kenya,A hotel located in Nairobi.,Check website,No amenities listed,Unrated,No contact information available,No website available,https://www.openstreetmap.org/way/555186310
The Weston Hotel,Nairobi,Nairobi County,Kenya,A hotel located in Nairobi.,Check website,No amenities listed,Unrated,"Langata Rd, Nairobi City",No website available,https://www.openstreetmap.org/way/557008941
Hillpark Hotels,Nairobi,Nairobi County,Kenya,A hotel located in Nairobi.,Check website,No amenities listed,Unrated,"Lower Hill Rd, Nairobi",No website available,https://www.openstreetmap.org/way/557709563
Capital Heights Hotel Nairobi,Nairobi,Nairobi County,Kenya,A hotel located in Nairobi.,Check website,No amenities listed,Unrated,"Hospital Rd, Nairobi",No website available,https://www.openstreetmap.org/way/557709569
DoubleTree by Hilton Nairobi Hurlingham,Nairobi,Nairobi County,Kenya,"A hotel located in Nairobi, rated 4 stars.",Check website,"internet access, swimming pool",4-star,"Ngong Lane, Nairobi",https://www.hilton.com/en/hotels/nbohudi-doubletree-nairobi-hurlingham/,https://www.openstreetmap.org/way/557910694
Harlequin Suites Hotel,Nairobi,Nairobi County,Kenya,A hotel located in Nairobi.,Check website,No amenities listed,Unrated,"Joseph Kang'ethe, Nairobi",No website available,https://www.openstreetmap.org/way/561265437
Lenox Park,Nairobi,Nairobi County,Kenya,A hotel located in Nairobi.,Check website,No amenities listed,Unrated,"Wood Avenue, Nairobi",No website available,https://www.openstreetmap.org/way/561480218
Waridi Paradise Hotel and Suites,Nairobi,Nairobi County,Kenya,A hotel located in Nairobi.,Check website,No amenities listed,Unrated,"Off Argwings Kodhek,, Rose Avenue, Nairobi",No website available,https://www.openstreetmap.org/way/561510599
The Monarch Boutique Hotel,Nairobi,Nairobi County,Kenya,A hotel located in Nairobi.,Check website,No amenities listed,Unrated,"Rose Avenue, Nairobi",https://themonarchboutiquehotel.com/,https://www.openstreetmap.org/way/561510609
Gracehouse Resort Ltd,Nairobi,Nairobi County,Kenya,A hotel located in Nairobi.,Check website,No amenities listed,Unrated,"Ring Road Kilimani, Nairobi",No website available,https://www.openstreetmap.org/way/561521484
O'Sinkirri,Nairobi,Nairobi County,Kenya,A hotel located in Nairobi.,Check website,No amenities listed,Unrated,"Ring Road Kilimani, Nairobi",No website available,https://www.openstreetmap.org/way/564750996
Four Points by Sheraton,Nairobi,Nairobi County,Kenya,A hotel located in Nairobi.,Check website,internet access,Unrated,"9042/1044, Tower Avenue, Jomo Kenyatta International Airport, Nairobi",https://four-points.marriott.com/,https://www.openstreetmap.org/way/565698571
Mayhouse 680 Hotel,Nairobi,Nairobi County,Kenya,A hotel located in Nairobi.,Check website,internet access,Unrated,"Kenyatta Avenue, Nairobi",https://sentrim-hotels.com/,https://www.openstreetmap.org/way/566704071
Ibis Styles,Nairobi,Nairobi County,Kenya,A hotel located in Nairobi.,Check website,No amenities listed,Unrated,"Rhapta Road, Nairobi",https://www.ibisstylesnairobi.com/,https://www.openstreetmap.org/way/570923751
Kenya Continetal Hotel,Nairobi,Nairobi County,Kenya,A hotel located in Nairobi.,Check website,No amenities listed,Unrated,"Rhapta Road, Nairobi",No website available,https://www.openstreetmap.org/way/570923754
Hyatt House Nairobi Westlands,Nairobi,Nairobi County,Kenya,"A hotel located in Nairobi, rated 5 stars.",Check website,"internet access, air conditioning",5-star,"10, Lower Kabete Road, Nairobi",https://www.hyatt.com/hyatt-house/en-US/nboxn-hyatt-house-nairobi-westlands,https://www.openstreetmap.org/way/577399829
Tamarind Tree Hotel Nairobi,Nairobi,Nairobi County,Kenya,A hotel located in Nairobi.,Check website,"internet access, swimming pool, air conditioning",Unrated,No contact information available,No website available,https://www.openstreetmap.org/way/612004607
Hartfield Hotel Karen,Nairobi,Nairobi County,Kenya,A hotel located in Nairobi.,Check website,No amenities listed,Unrated,"Nandi Road, Nairobi",No website available,https://www.openstreetmap.org/way/655583159
Country House Inn-Karen,Nairobi,Nairobi County,Kenya,A hotel located in Nairobi.,Check website,No amenities listed,Unrated,"Ngong Road, Nairobi",No website available,https://www.openstreetmap.org/way/655583165
MashPark Hotel,Nairobi,Nairobi County,Kenya,A hotel located in Nairobi.,Check website,No amenities listed,Unrated,"Joseph Kang'ethe, Nairobi",No website available,https://www.openstreetmap.org/way/659950851
Diplomat Villas,Nairobi,Nairobi County,Kenya,A hotel located in Nairobi.,Check website,No amenities listed,Unrated,"Masanduku Lane, Nairobi",No website available,https://www.openstreetmap.org/way/659960321
Sports View Hotel,Nairobi,Nairobi County,Kenya,A hotel located in Nairobi.,Check website,No amenities listed,Unrated,"Sports View Road, Nairobi",No website available,https://www.openstreetmap.org/way/667417184
Embassy,Nairobi,Nairobi County,Kenya,A hotel located in Nairobi.,Check website,No amenities listed,Unrated,"Tubman Road, Nairobi",No website available,https://www.openstreetmap.org/way/697756756
NanChang Hotel,Nairobi,Nairobi County,Kenya,A hotel located in Nairobi.,Check website,No amenities listed,Unrated,"21, Westlands Road, Nairobi",No website available,https://www.openstreetmap.org/way/746482107
La Maison Royale,Nairobi,Nairobi County,Kenya,A hotel located in Nairobi.,Check website,No amenities listed,Unrated,No contact information available,No website available,https://www.openstreetmap.org/way/879516157
The Social House Nairobi,Nairobi,Nairobi County,Kenya,A hotel located in Nairobi.,Check website,No amenities listed,Unrated,"James Gichuru Road, Nairobi",No website available,https://www.openstreetmap.org/way/880926309
The Treat Hotel,Nairobi,Nairobi County,Kenya,A hotel located in Nairobi.,Check website,No amenities listed,Unrated,Mirema,No website available,https://www.openstreetmap.org/way/882870400
Mirema Hotel,Nairobi,Nairobi County,Kenya,A hotel located in Nairobi.,Check website,No amenities listed,Unrated,Mirema Drive,No website available,https://www.openstreetmap.org/way/883221674
"Radisson Blu Hotel & Residence, Nairobi Arboretum",Nairobi,Nairobi County,Kenya,A hotel located in Nairobi.,Check website,No amenities listed,Unrated,No contact information available,No website available,https://www.openstreetmap.org/way/899339912
Western Heights,Nairobi,Nairobi County,Kenya,A hotel located in Nairobi.,Check website,No amenities listed,Unrated,No contact information available,No website available,https://www.openstreetmap.org/way/962161280
Sunstar Hotel,Nairobi,Nairobi County,Kenya,A hotel located in Nairobi.,Check website,No amenities listed,Unrated,"Garden Estate Road, Nairobi",No website available,https://www.openstreetmap.org/way/1074721932
Lalibela Furnished Apartment,Nairobi,Nairobi County,Kenya,A hotel located in Nairobi.,Check website,No amenities listed,Unrated,"Wood Avenue, Nairobi",No website available,https://www.openstreetmap.org/way/1088119378
Boulevard,Nairobi,Nairobi County,Kenya,A hotel located in Nairobi.,Check website,"internet access, air conditioning",Unrated,+254 722 200 755,https://hotelboulevard.co.ke/,https://www.openstreetmap.org/way/1163033936
Pullman Nairobi Upper Hill,Nairobi,Nairobi County,Kenya,A hotel located in Nairobi.,Check website,No amenities listed,Unrated,"Kenya Road, Upper Hill, Nairobi, Kenya Road, Nairobi",https://all.accor.com/,https://www.openstreetmap.org/way/1189984121
Hyatt Regency Nairobi Westlands,Nairobi,Nairobi County,Kenya,"A hotel located in Nairobi, rated 5 stars.",Check website,"internet access, air conditioning",5-star,"38, Muthithi Rd, Nairobi",https://www.hyatt.com/hyatt-regency/en-US/nborn-hyatt-regency-nairobi-westlands,https://www.openstreetmap.org/way/1190876726
Kigwa Conference,Nairobi,Nairobi County,Kenya,A hotel located in Nairobi.,Check website,No amenities listed,Unrated,"Northern Bypass, Nairobi",No website available,https://www.openstreetmap.org/way/1288431254
Zarita Boutique,Nairobi,Nairobi County,Kenya,A hotel located in Nairobi.,Check website,internet access,Unrated,Nairobi,https://zaritahotel.com/,https://www.openstreetmap.org/way/1315228425
Classic Villa Resort,Nairobi,Nairobi County,Kenya,A hotel located in Nairobi.,Check website,internet access,Unrated,Lower Kabete Road,No website available,https://www.openstreetmap.org/way/1394472665
Fairview Hotel,Nairobi,Nairobi County,Kenya,A hotel located in Nairobi.,Check website,No amenities listed,Unrated,"Bishop Road, Nairobi",No website available,https://www.openstreetmap.org/way/1421612046
Hyatt Place Nairobi Westlands,Nairobi,Nairobi County,Kenya,A hotel located in Nairobi.,Check website,"internet access, air conditioning",Unrated,"10, Lower Kabete Road, Westlands, Nairobi",https://www.hyatt.com/hyatt-place/en-US/nbozn-hyatt-place-nairobi-westlands,https://www.openstreetmap.org/way/1430291842
Shanzu,Mombasa,Mombasa County,Kenya,A hotel located in Mombasa.,Check website,No amenities listed,Unrated,No contact information available,No website available,https://www.openstreetmap.org/node/44915428
Bridge View Safari Lodge,Mombasa,Mombasa County,Kenya,A hotel located in Mombasa.,Check website,No amenities listed,Unrated,"Malindi Road, Mtwapa",No website available,https://www.openstreetmap.org/node/612947253
Sentido,Mombasa,Mombasa County,Kenya,A hotel located in Mombasa.,Check website,No amenities listed,Unrated,No contact information available,No website available,https://www.openstreetmap.org/node/612947261
Milele Beach Hotel,Mombasa,Mombasa County,Kenya,A hotel located in Mombasa.,Check website,No amenities listed,Unrated,"Malindi Road, Mombasa",No website available,https://www.openstreetmap.org/node/612947269
Baobab Resort,Mombasa,Mombasa County,Kenya,A hotel located in Mombasa.,Check website,No amenities listed,Unrated,"Baobab Road, Mombasa",No website available,https://www.openstreetmap.org/node/612947272
Travellers Beach Hotel,Mombasa,Mombasa County,Kenya,"A hotel located in Mombasa, rated 4 stars.",Check website,No amenities listed,4-star,"Malindi Road, Mombasa",https://www.travellersbeach.com/,https://www.openstreetmap.org/node/650338837
Bamburi Beach Hotel,Mombasa,Mombasa County,Kenya,"A hotel located in Mombasa, rated 4 stars.",Check website,No amenities listed,4-star,Mombasa,https://bamburibeachkenya.com/,https://www.openstreetmap.org/node/650743694
Paradise Apartments,Mombasa,Mombasa County,Kenya,A hotel located in Mombasa.,Check website,No amenities listed,Unrated,No contact information available,No website available,https://www.openstreetmap.org/node/930057010
Hotel Sapphire,Mombasa,Mombasa County,Kenya,A hotel located in Mombasa.,Check website,No amenities listed,Unrated,"Mwembe Tayari Road, Mombasa",No website available,https://www.openstreetmap.org/node/1098521219
Sentrim Castle Royal Hotel,Mombasa,Mombasa County,Kenya,"A hotel located in Mombasa, rated 3 stars.",Check website,"internet access, air conditioning",3-star,"Moi Avenue, Mombasa",https://sentrimcastleroyalhotel.com-kenya.com/en/,https://www.openstreetmap.org/node/1315220527
New people hotel,Mombasa,Mombasa County,Kenya,A hotel located in Mombasa.,Check website,No amenities listed,Unrated,"Abdel Nasser Road, Mombasa",No website available,https://www.openstreetmap.org/node/1315220536
The Reef hotel,Mombasa,Mombasa County,Kenya,"A hotel located in Mombasa, rated 4 stars.",Check website,No amenities listed,4-star,"Mount Kenya Road, Mombasa",https://reefhotelkenya.com/,https://www.openstreetmap.org/node/1315895449
Makwetu Resorts,Mombasa,Mombasa County,Kenya,A hotel located in Mombasa.,Check website,No amenities listed,Unrated,"Bungalows road, Mombasa",No website available,https://www.openstreetmap.org/node/2579930639
Prestige Apartments,Mombasa,Mombasa County,Kenya,A hotel located in Mombasa.,Check website,No amenities listed,Unrated,No contact information available,No website available,https://www.openstreetmap.org/node/2579936505
Chamiachi Luxury Apartments,Mombasa,Mombasa County,Kenya,A hotel located in Mombasa.,Check website,No amenities listed,Unrated,No contact information available,No website available,https://www.openstreetmap.org/node/2580439821
Nyali Beach Holiday Resorts,Mombasa,Mombasa County,Kenya,A hotel located in Mombasa.,Check website,No amenities listed,Unrated,"Bungalows Road, Mombasa",No website available,https://www.openstreetmap.org/node/2838620500
Premium Inn Hotel Mombasa,Mombasa,Mombasa County,Kenya,A hotel located in Mombasa.,Check website,No amenities listed,Unrated,"Haile Selassie Road, Mombasa",https://www.premiuminn.co.ke/,https://www.openstreetmap.org/node/2913939424
SUHUFI PALACE HOTEL,Mombasa,Mombasa County,Kenya,A hotel located in Mombasa.,Check website,No amenities listed,Unrated,"Abdel Nasser Road, Mombasa",No website available,https://www.openstreetmap.org/node/4104820592
Tuliahouse Backpackers,Mombasa,Mombasa County,Kenya,A hotel located in Mombasa.,Check website,internet access,Unrated,No contact information available,No website available,https://www.openstreetmap.org/node/4107691741
Mei Place Apartments,Mombasa,Mombasa County,Kenya,A hotel located in Mombasa.,Check website,No amenities listed,Unrated,No contact information available,No website available,https://www.openstreetmap.org/node/4107691742
Sunrise Resort Apartments Spa,Mombasa,Mombasa County,Kenya,A hotel located in Mombasa.,Check website,No amenities listed,Unrated,No contact information available,No website available,https://www.openstreetmap.org/node/4198534798
Manas,Mombasa,Mombasa County,Kenya,A hotel located in Mombasa.,Check website,No amenities listed,Unrated,No contact information available,No website available,https://www.openstreetmap.org/node/4538111567
Garden Grove Hotel,Mombasa,Mombasa County,Kenya,A hotel located in Mombasa.,Check website,internet access,Unrated,No contact information available,No website available,https://www.openstreetmap.org/node/5078229500
Jundan Hotel,Mombasa,Mombasa County,Kenya,A hotel located in Mombasa.,Check website,internet access,Unrated,No contact information available,No website available,https://www.openstreetmap.org/node/5320014923
Quale Hotel,Mombasa,Mombasa County,Kenya,A hotel located in Mombasa.,Check website,No amenities listed,Unrated,No contact information available,No website available,https://www.openstreetmap.org/node/5636754624
Everfresh Vegetables;Hotel Dorse,Mombasa,Mombasa County,Kenya,A hotel located in Mombasa.,Check website,No amenities listed,Unrated,No contact information available,No website available,https://www.openstreetmap.org/node/5826717986
check point,Mombasa,Mombasa County,Kenya,A hotel located in Mombasa.,Check website,No amenities listed,Unrated,No contact information available,No website available,https://www.openstreetmap.org/node/5836825786
Sun Africa Hotels,Mombasa,Mombasa County,Kenya,A hotel located in Mombasa.,Check website,internet access,Unrated,No contact information available,No website available,https://www.openstreetmap.org/node/5961396602
Bridge Hotel,Mombasa,Mombasa County,Kenya,A hotel located in Mombasa.,Check website,No amenities listed,Unrated,"Ronald Ngala Road, Mombasa",No website available,https://www.openstreetmap.org/node/5989469164
Panaroma Gardens Hotel,Mombasa,Mombasa County,Kenya,A hotel located in Mombasa.,Check website,No amenities listed,Unrated,"koinage road, Mombasa",No website available,https://www.openstreetmap.org/node/5989578823
Stadium Holiday Inn,Mombasa,Mombasa County,Kenya,A hotel located in Mombasa.,Check website,No amenities listed,Unrated,"Koinage Road, Mombasa",No website available,https://www.openstreetmap.org/node/5989589021
Mombasa Cage Inn Hotel,Mombasa,Mombasa County,Kenya,A hotel located in Mombasa.,Check website,No amenities listed,Unrated,"Magongo road, Mombasa",No website available,https://www.openstreetmap.org/node/5997715901
Wogect Hotel,Mombasa,Mombasa County,Kenya,A hotel located in Mombasa.,Check website,No amenities listed,Unrated,"Tom Mboya road, Mombasa",No website available,https://www.openstreetmap.org/node/6009880961
White Rhino Hotel,Mombasa,Mombasa County,Kenya,A hotel located in Mombasa.,Check website,No amenities listed,Unrated,"Taratibu street, Mombasa",No website available,https://www.openstreetmap.org/node/6022143501
Port Tudor Hotel,Mombasa,Mombasa County,Kenya,A hotel located in Mombasa.,Check website,No amenities listed,Unrated,"Tom Mboya road, Mombasa",No website available,https://www.openstreetmap.org/node/6024499631
Nyali International Beach And Spa,Mombasa,Mombasa County,Kenya,A hotel located in Mombasa.,Check website,No amenities listed,Unrated,"Moyne Dr road, Mombasa",No website available,https://www.openstreetmap.org/node/6038633862
Sanana Conference Centre and Holiday Resort,Mombasa,Mombasa County,Kenya,A hotel located in Mombasa.,Check website,No amenities listed,Unrated,"Beach Road, Mombasa",No website available,https://www.openstreetmap.org/node/6038681138
Kivulini Bahari,Mombasa,Mombasa County,Kenya,A hotel located in Mombasa.,Check website,No amenities listed,Unrated,"Cement Road, Mombasa",No website available,https://www.openstreetmap.org/node/6038754577
CityBlue Creekside Hotel & Suites,Mombasa,Mombasa County,Kenya,A hotel located in Mombasa.,Check website,No amenities listed,Unrated,"Ras Kisauni Road, Mombasa",No website available,https://www.openstreetmap.org/node/6039167981
Afro Estate,Mombasa,Mombasa County,Kenya,A hotel located in Mombasa.,Check website,No amenities listed,Unrated,"Old Malindi Road, Mombasa",No website available,https://www.openstreetmap.org/node/6041682425
Hotel Kumbe,Mombasa,Mombasa County,Kenya,A hotel located in Mombasa.,Check website,No amenities listed,Unrated,"Malindi Road, Mtwapa",No website available,https://www.openstreetmap.org/node/6043870123
Hotel Basilea,Mombasa,Mombasa County,Kenya,A hotel located in Mombasa.,Check website,No amenities listed,Unrated,"Malindi Road, Mtwapa",No website available,https://www.openstreetmap.org/node/6043870129
The Monalisa Hotel,Mombasa,Mombasa County,Kenya,A hotel located in Mombasa.,Check website,No amenities listed,Unrated,"Daisha Road, Mtwapa",No website available,https://www.openstreetmap.org/node/6043920488
New Country Garden Bar & Restaurant,Mombasa,Mombasa County,Kenya,A hotel located in Mombasa.,Check website,No amenities listed,Unrated,"Malindi Road, Mtwapa",No website available,https://www.openstreetmap.org/node/6043920489
Bibla Fruit Parlour,Mombasa,Mombasa County,Kenya,A hotel located in Mombasa.,Check website,No amenities listed,Unrated,"Narok road, Mombasa",No website available,https://www.openstreetmap.org/node/6045669279
Hotel Radiance,Mombasa,Mombasa County,Kenya,A hotel located in Mombasa.,Check website,No amenities listed,Unrated,"Mombasa road, Mombasa",No website available,https://www.openstreetmap.org/node/6045669282
California Dream Hotel,Mombasa,Mombasa County,Kenya,A hotel located in Mombasa.,Check website,No amenities listed,Unrated,"Moi Avenue, Mombasa",No website available,https://www.openstreetmap.org/node/6048586673
Bandari Hotel,Mombasa,Mombasa County,Kenya,A hotel located in Mombasa.,Check website,No amenities listed,Unrated,"Sauti ya Kenya Road, Mombasa",No website available,https://www.openstreetmap.org/node/6048586678
Blue Comforts,Mombasa,Mombasa County,Kenya,A hotel located in Mombasa.,Check website,No amenities listed,Unrated,"Archbishop Makarios Road, Mombasa",No website available,https://www.openstreetmap.org/node/6048586680
Ganjoni Wananchi Hotel,Mombasa,Mombasa County,Kenya,A hotel located in Mombasa.,Check website,No amenities listed,Unrated,"Archbishop Makarios Road, Mombasa",No website available,https://www.openstreetmap.org/node/6048586683
Three Coins Bar & Resturant,Mombasa,Mombasa County,Kenya,A hotel located in Mombasa.,Check website,No amenities listed,Unrated,"Archbishop Makarios Road, Mombasa",No website available,https://www.openstreetmap.org/node/6048860121
Manson Hotel,Mombasa,Mombasa County,Kenya,A hotel located in Mombasa.,Check website,No amenities listed,Unrated,"Kisumu Road, Mombasa",No website available,https://www.openstreetmap.org/node/6054270092
Windsor,Mombasa,Mombasa County,Kenya,A hotel located in Mombasa.,Check website,No amenities listed,Unrated,"Kamunde Road, Mombasa",No website available,https://www.openstreetmap.org/node/6054293177
Recoda Restaurant,Mombasa,Mombasa County,Kenya,A hotel located in Mombasa.,Check website,No amenities listed,Unrated,"Moi Avenue, Mombasa",No website available,https://www.openstreetmap.org/node/6054335991
Mapembeni Global Dishes Cafe,Mombasa,Mombasa County,Kenya,A hotel located in Mombasa.,Check website,No amenities listed,Unrated,"Moi Avenue, Mombasa",No website available,https://www.openstreetmap.org/node/6054368637
Royal Court Hotel,Mombasa,Mombasa County,Kenya,A hotel located in Mombasa.,Check website,No amenities listed,Unrated,"Haile Selassie Road, Mombasa",No website available,https://www.openstreetmap.org/node/6054412128
Josleejim Hotel Ltd,Mombasa,Mombasa County,Kenya,A hotel located in Mombasa.,Check website,No amenities listed,Unrated,"Duruma road, Mombasa",No website available,https://www.openstreetmap.org/node/6054412132
New Daba City Guest House,Mombasa,Mombasa County,Kenya,A hotel located in Mombasa.,Check website,No amenities listed,Unrated,"Mwembe Tayari Road, Mombasa",No website available,https://www.openstreetmap.org/node/6054455936
Gulshan Restaurant,Mombasa,Mombasa County,Kenya,A hotel located in Mombasa.,Check website,No amenities listed,Unrated,"Mombasa road, Mombasa",No website available,https://www.openstreetmap.org/node/6054467725
Ichaweri Hotel,Mombasa,Mombasa County,Kenya,A hotel located in Mombasa.,Check website,No amenities listed,Unrated,"Tana Street, Mombasa",No website available,https://www.openstreetmap.org/node/6054558197
Jambo Paradise Hotel - Mombasa,Mombasa,Mombasa County,Kenya,A hotel located in Mombasa.,Check website,No amenities listed,Unrated,"Tana Street, Mombasa",No website available,https://www.openstreetmap.org/node/6054561497
Marathon Lodge,Mombasa,Mombasa County,Kenya,A hotel located in Mombasa.,Check website,No amenities listed,Unrated,"Kipchoge Keino Street, Mombasa",No website available,https://www.openstreetmap.org/node/6054853670
Tijara Beach,Mombasa,Mombasa County,Kenya,A hotel located in Mombasa.,Check website,No amenities listed,Unrated,"Likoni-Ukunda, Pungu",No website available,https://www.openstreetmap.org/node/6063583727
Likoni Happy Gardens,Mombasa,Mombasa County,Kenya,A hotel located in Mombasa.,Check website,No amenities listed,Unrated,"Shelly Beach Road, Mombasa",No website available,https://www.openstreetmap.org/node/6065797004
Qwetu Beach Resort,Mombasa,Mombasa County,Kenya,A hotel located in Mombasa.,Check website,No amenities listed,Unrated,"Shelly Beach Road, Mombasa",No website available,https://www.openstreetmap.org/node/6065849573
Ujamaa One Bar & Restaurant,Mombasa,Mombasa County,Kenya,A hotel located in Mombasa.,Check website,No amenities listed,Unrated,"Likoni-Ukunda Road, Mombasa",No website available,https://www.openstreetmap.org/node/6072761406
Likoni Super Sports Club & Restaurant,Mombasa,Mombasa County,Kenya,A hotel located in Mombasa.,Check website,No amenities listed,Unrated,"Likoni-Ukunda Road, Mombasa",No website available,https://www.openstreetmap.org/node/6072761407
Comrade Restaurant & Juice Parlour,Mombasa,Mombasa County,Kenya,A hotel located in Mombasa.,Check website,No amenities listed,Unrated,"Likoni-Ukunda Road, Mombasa",No website available,https://www.openstreetmap.org/node/6072960940
Coastgate Hotel. Miritni,Mombasa,Mombasa County,Kenya,A hotel located in Mombasa.,Check website,No amenities listed,Unrated,"Mombasa Road, Mombasa",No website available,https://www.openstreetmap.org/node/6235829875
White Castle Hotel,Mombasa,Mombasa County,Kenya,A hotel located in Mombasa.,Check website,No amenities listed,Unrated,"Mombasa Road, Mombasa",No website available,https://www.openstreetmap.org/node/6235830605
Shiloh guest house and restaurant,Mombasa,Mombasa County,Kenya,A hotel located in Mombasa.,Check website,No amenities listed,Unrated,"Mombasa road, Mombasa",No website available,https://www.openstreetmap.org/node/6235830608
Al-Yusra Palm Tree Hotel,Mombasa,Mombasa County,Kenya,A hotel located in Mombasa.,Check website,No amenities listed,Unrated,"Nkrumah Road, Mombasa",https://palmtreehotel.co.ke/,https://www.openstreetmap.org/node/6577218885
Shanzu Paradise,Mombasa,Mombasa County,Kenya,A hotel located in Mombasa.,Check website,No amenities listed,Unrated,"Malindi Road, Mombasa",No website available,https://www.openstreetmap.org/node/6799470759
Pundamilia Paradise,Mombasa,Mombasa County,Kenya,A hotel located in Mombasa.,Check website,No amenities listed,Unrated,"Malindi Road, Mombasa",No website available,https://www.openstreetmap.org/node/6799470760
Pawenzi,Mombasa,Mombasa County,Kenya,A hotel located in Mombasa.,Check website,No amenities listed,Unrated,Mombasa,No website available,https://www.openstreetmap.org/node/6799470762
Sunset Paradise Holiday,Mombasa,Mombasa County,Kenya,A hotel located in Mombasa.,Check website,No amenities listed,Unrated,Mombasa,No website available,https://www.openstreetmap.org/node/6799470769
Platinum House,Mombasa,Mombasa County,Kenya,A hotel located in Mombasa.,Check website,No amenities listed,Unrated,Mombasa,No website available,https://www.openstreetmap.org/node/6799470771
Indiana Beach,Mombasa,Mombasa County,Kenya,A hotel located in Mombasa.,Check website,No amenities listed,Unrated,"Malindi Road, Mombasa",No website available,https://www.openstreetmap.org/node/6799470778
Azul Margarita,Mombasa,Mombasa County,Kenya,A hotel located in Mombasa.,Check website,No amenities listed,Unrated,Mombasa,No website available,https://www.openstreetmap.org/node/6799470781
Surfside Villas,Mombasa,Mombasa County,Kenya,A hotel located in Mombasa.,Check website,No amenities listed,Unrated,Mombasa,No website available,https://www.openstreetmap.org/node/6799470782
The Silent Pearl Sweet,Mombasa,Mombasa County,Kenya,A hotel located in Mombasa.,Check website,No amenities listed,Unrated,Mtwapa,No website available,https://www.openstreetmap.org/node/6849857164
Sheratton Regency Hotel,Mombasa,Mombasa County,Kenya,A hotel located in Mombasa.,Check website,internet access,Unrated,"Moi Avenue, Mombasa",No website available,https://www.openstreetmap.org/node/6957178085
Hermes Hotel,Mombasa,Mombasa County,Kenya,A hotel located in Mombasa.,Check website,No amenities listed,Unrated,No contact information available,No website available,https://www.openstreetmap.org/node/7281716667
Cool Breeze,Mombasa,Mombasa County,Kenya,A hotel located in Mombasa.,Check website,No amenities listed,Unrated,"Ronald Ngala Road, Mombasa",No website available,https://www.openstreetmap.org/node/8059004581
PrideInn Express,Mombasa,Mombasa County,Kenya,A hotel located in Mombasa.,Check website,No amenities listed,Unrated,"2nd Avenue, Mombasa",No website available,https://www.openstreetmap.org/node/8062738432
Sai Rock Beach,Mombasa,Mombasa County,Kenya,A hotel located in Mombasa.,Check website,No amenities listed,Unrated,"Malindi Road, Mombasa",No website available,https://www.openstreetmap.org/node/8065546701
Plaza Beach Hotel,Mombasa,Mombasa County,Kenya,"A hotel located in Mombasa, rated 4 stars.",Check website,No amenities listed,4-star,"Malindi Road, Mombasa",https://www.plaza-beach.co.ke/,https://www.openstreetmap.org/node/8065546706
Shanzu Beach,Mombasa,Mombasa County,Kenya,A hotel located in Mombasa.,Check website,No amenities listed,Unrated,Mombasa,No website available,https://www.openstreetmap.org/node/8065701624
PrideInn Flamingo,Mombasa,Mombasa County,Kenya,A hotel located in Mombasa.,Check website,No amenities listed,Unrated,Mombasa,No website available,https://www.openstreetmap.org/node/8065701625
Gasaro,Mombasa,Mombasa County,Kenya,A hotel located in Mombasa.,Check website,No amenities listed,Unrated,"Malindi Road, Mtwapa",No website available,https://www.openstreetmap.org/node/8074575628
Le Grand Victoria Hotel,Mombasa,Mombasa County,Kenya,A hotel located in Mombasa.,Check website,"internet access, air conditioning",Unrated,"Old Malindi Road, Mombasa",No website available,https://www.openstreetmap.org/node/8198701676
Summerday,Mombasa,Mombasa County,Kenya,A hotel located in Mombasa.,Check website,No amenities listed,Unrated,No contact information available,No website available,https://www.openstreetmap.org/node/10087701438
Marvelous,Mombasa,Mombasa County,Kenya,A hotel located in Mombasa.,Check website,No amenities listed,Unrated,No contact information available,No website available,https://www.openstreetmap.org/node/10087710938
Clara court,Mombasa,Mombasa County,Kenya,A hotel located in Mombasa.,Check website,No amenities listed,Unrated,No contact information available,No website available,https://www.openstreetmap.org/node/10087776590
Merry villa,Mombasa,Mombasa County,Kenya,A hotel located in Mombasa.,Check website,No amenities listed,Unrated,No contact information available,No website available,https://www.openstreetmap.org/node/10100987763
Ariosa,Mombasa,Mombasa County,Kenya,A hotel located in Mombasa.,Check website,No amenities listed,Unrated,No contact information available,No website available,https://www.openstreetmap.org/node/10100996833
Estate gate,Mombasa,Mombasa County,Kenya,A hotel located in Mombasa.,Check website,No amenities listed,Unrated,No contact information available,No website available,https://www.openstreetmap.org/node/10100999075
7 dreams hotel,Mombasa,Mombasa County,Kenya,A hotel located in Mombasa.,Check website,No amenities listed,Unrated,No contact information available,No website available,https://www.openstreetmap.org/node/10101006854
Jambo travelers,Mombasa,Mombasa County,Kenya,A hotel located in Mombasa.,Check website,No amenities listed,Unrated,No contact information available,No website available,https://www.openstreetmap.org/node/10114477167
Sadiana Apartments,Mombasa,Mombasa County,Kenya,A hotel located in Mombasa.,Check website,No amenities listed,Unrated,No contact information available,No website available,https://www.openstreetmap.org/node/10271479814
jambo village hotel,Mombasa,Mombasa County,Kenya,A hotel located in Mombasa.,Check website,No amenities listed,Unrated,No contact information available,No website available,https://www.openstreetmap.org/node/12553487564
folks inn giest house,Mombasa,Mombasa County,Kenya,A hotel located in Mombasa.,Check website,No amenities listed,Unrated,No contact information available,No website available,https://www.openstreetmap.org/node/12595378411
city center hotel & restaurant,Mombasa,Mombasa County,Kenya,A hotel located in Mombasa.,Check website,No amenities listed,Unrated,No contact information available,No website available,https://www.openstreetmap.org/node/12898731898
Mombasa Railways garden,Mombasa,Mombasa County,Kenya,A hotel located in Mombasa.,Check website,No amenities listed,Unrated,No contact information available,No website available,https://www.openstreetmap.org/node/13275040622
Baogan Hotel Ltd,Mombasa,Mombasa County,Kenya,A hotel located in Mombasa.,Check website,No amenities listed,Unrated,No contact information available,No website available,https://www.openstreetmap.org/node/13275040623
Coastgate Hotel,Mombasa,Mombasa County,Kenya,A hotel located in Mombasa.,Check website,internet access,Unrated,No contact information available,No website available,https://www.openstreetmap.org/node/13602999901
Regency Park Hotel,Mombasa,Mombasa County,Kenya,A hotel located in Mombasa.,Check website,No amenities listed,Unrated,Meru Road,No website available,https://www.openstreetmap.org/node/13953822701
Mombasa beach Hotel,Mombasa,Mombasa County,Kenya,A hotel located in Mombasa.,Check website,No amenities listed,Unrated,No contact information available,No website available,https://www.openstreetmap.org/way/366508863
Bahari Beach Hotel,Mombasa,Mombasa County,Kenya,A hotel located in Mombasa.,Check website,No amenities listed,Unrated,Mombasa,No website available,https://www.openstreetmap.org/way/368741917
Ocean View Nyali,Mombasa,Mombasa County,Kenya,A hotel located in Mombasa.,Check website,No amenities listed,Unrated,+254 703 904666,No website available,https://www.openstreetmap.org/way/408622245
Cowrie Shell Beach Apartments,Mombasa,Mombasa County,Kenya,A hotel located in Mombasa.,Check website,No amenities listed,Unrated,No contact information available,No website available,https://www.openstreetmap.org/way/408844560
Pavilion Holiday Resort,Mombasa,Mombasa County,Kenya,A hotel located in Mombasa.,Check website,No amenities listed,Unrated,No contact information available,No website available,https://www.openstreetmap.org/way/408845497
Bliss Resorts,Mombasa,Mombasa County,Kenya,A hotel located in Mombasa.,Check website,No amenities listed,Unrated,No contact information available,No website available,https://www.openstreetmap.org/way/408855735
Kenya Bay Beach Hotel,Mombasa,Mombasa County,Kenya,A hotel located in Mombasa.,Check website,air conditioning,Unrated,"Bamburi Beach, Mombasa",http://www.kenyabay.com,https://www.openstreetmap.org/way/409052771
Severin Sea Lodge,Mombasa,Mombasa County,Kenya,"A hotel located in Mombasa, rated 5 stars.",Check website,No amenities listed,5-star,Mombasa,https://severinsealodge.com/,https://www.openstreetmap.org/way/409070087
Darajani Hotel,Mombasa,Mombasa County,Kenya,A hotel located in Mombasa.,Check website,No amenities listed,Unrated,"Ronald Ngala Road, Mombasa",No website available,https://www.openstreetmap.org/way/634789084
Boston Leisure Hotel,Mombasa,Mombasa County,Kenya,A hotel located in Mombasa.,Check website,No amenities listed,Unrated,"Ebrahim Road, Mombasa",No website available,https://www.openstreetmap.org/way/643356376
Amarossi Apartments,Mombasa,Mombasa County,Kenya,A hotel located in Mombasa.,Check website,internet access,Unrated,No contact information available,No website available,https://www.openstreetmap.org/way/1101752485
Coconus Breeze,Mombasa,Mombasa County,Kenya,A hotel located in Mombasa.,Check website,No amenities listed,Unrated,No contact information available,No website available,https://www.openstreetmap.org/way/1120555013
Chui Apartments,Mombasa,Mombasa County,Kenya,A hotel located in Mombasa.,Check website,No amenities listed,Unrated,No contact information available,No website available,https://www.openstreetmap.org/way/1127722286
Prime Comfort,Mombasa,Mombasa County,Kenya,A hotel located in Mombasa.,Check website,No amenities listed,Unrated,No contact information available,No website available,https://www.openstreetmap.org/way/1127730457
Muthu Nyali Beach Hotel and Spa,Mombasa,Mombasa County,Kenya,A hotel located in Mombasa.,Check website,No amenities listed,Unrated,"Moyne Dr road, Mombasa",http://www.nyali-international.com/,https://www.openstreetmap.org/way/1232969311
The Palms,Mombasa,Mombasa County,Kenya,A hotel located in Mombasa.,Check website,No amenities listed,Unrated,"Greenwood Lane, Mombasa",No website available,https://www.openstreetmap.org/way/1234855572
The Tamarind Mombasa,Mombasa,Mombasa County,Kenya,A hotel located in Mombasa.,Check website,No amenities listed,Unrated,No contact information available,https://tamarind.co.ke/tamarind-mombasa/,https://www.openstreetmap.org/way/1234892909
Hotel de Africa,Diani,Kwale County,Kenya,A hotel located in Diani.,Check website,No amenities listed,Unrated,622924235,No website available,https://www.openstreetmap.org/node/6002368587
Great Rift Valley Golf Resort,Naivasha,Nakuru County,Kenya,A hotel located in Naivasha.,Check website,No amenities listed,Unrated,No contact information available,No website available,https://www.openstreetmap.org/node/371009272
Lake Naivasha Country Club,Naivasha,Nakuru County,Kenya,A hotel located in Naivasha.,Check website,No amenities listed,Unrated,"Moi South Lake Road, Naivasha",No website available,https://www.openstreetmap.org/node/526772071
Yellow green hotel,Naivasha,Nakuru County,Kenya,A hotel located in Naivasha.,Check website,No amenities listed,Unrated,"Moi South Lake Road, Naivasha",No website available,https://www.openstreetmap.org/node/4459193174
Guest House Jane,Naivasha,Nakuru County,Kenya,A hotel located in Naivasha.,Check website,No amenities listed,Unrated,"Moi South Lake Road, Naivasha",https://facebook.com/guesthouse.jane,https://www.openstreetmap.org/node/4549350098
Masada Hotel,Naivasha,Nakuru County,Kenya,A hotel located in Naivasha.,Check website,No amenities listed,Unrated,"Moi South Lake Road, Naivasha",No website available,https://www.openstreetmap.org/node/4845803546
Newstead Hotel,Naivasha,Nakuru County,Kenya,A hotel located in Naivasha.,Check website,No amenities listed,Unrated,Nairobi - Nakuru Road,No website available,https://www.openstreetmap.org/node/4986216421
Wambuku Inn,Naivasha,Nakuru County,Kenya,A hotel located in Naivasha.,Check website,No amenities listed,Unrated,No contact information available,No website available,https://www.openstreetmap.org/node/5374178721
Lake Naivasha Crescent Camp,Naivasha,Nakuru County,Kenya,A hotel located in Naivasha.,Check website,No amenities listed,Unrated,"Moi South Lake Road, Naivasha",No website available,https://www.openstreetmap.org/node/5694562021
Fina Gardens Resort,Naivasha,Nakuru County,Kenya,A hotel located in Naivasha.,Check website,No amenities listed,Unrated,"South Lake Road, Karagita",No website available,https://www.openstreetmap.org/node/5799216853
Eseriani The Hotel,Naivasha,Nakuru County,Kenya,A hotel located in Naivasha.,Check website,No amenities listed,Unrated,"Nairobi - Nakuru Road, Naivasha",No website available,https://www.openstreetmap.org/node/6057393286
Labelle Lodge,Naivasha,Nakuru County,Kenya,A hotel located in Naivasha.,Check website,No amenities listed,Unrated,"Moi Avenue, Naivasha",No website available,https://www.openstreetmap.org/node/6057983917
Supa Lodge,Naivasha,Nakuru County,Kenya,A hotel located in Naivasha.,Check website,No amenities listed,Unrated,"Kariuki Chotora, Naivasha",No website available,https://www.openstreetmap.org/node/6057983922
Ken-Vash Hotel,Naivasha,Nakuru County,Kenya,A hotel located in Naivasha.,Check website,No amenities listed,Unrated,"Kariuki Chotora, Naivasha",No website available,https://www.openstreetmap.org/node/6057983949
Roza Guest House,Naivasha,Nakuru County,Kenya,A hotel located in Naivasha.,Check website,No amenities listed,Unrated,"Moi Avenue, Naivasha",No website available,https://www.openstreetmap.org/node/6057983958
Aqua Lodge,Naivasha,Nakuru County,Kenya,A hotel located in Naivasha.,Check website,No amenities listed,Unrated,"Moi Avenue, Naivasha",No website available,https://www.openstreetmap.org/node/6057983966
Dreamsworld Guest House,Naivasha,Nakuru County,Kenya,A hotel located in Naivasha.,Check website,No amenities listed,Unrated,"Moi Avenue, Naivasha",No website available,https://www.openstreetmap.org/node/6057983967
Genesis Guest House,Naivasha,Nakuru County,Kenya,A hotel located in Naivasha.,Check website,No amenities listed,Unrated,"Kenyatta Avenue, Naivasha",No website available,https://www.openstreetmap.org/node/6058067010
Guest Inn,Naivasha,Nakuru County,Kenya,A hotel located in Naivasha.,Check website,No amenities listed,Unrated,"Kenyatta Avenue, Naivasha",No website available,https://www.openstreetmap.org/node/6058067011
Olive Resort,Naivasha,Nakuru County,Kenya,A hotel located in Naivasha.,Check website,No amenities listed,Unrated,"Moi South Lake Road, Naivasha",No website available,https://www.openstreetmap.org/node/6059988221
Golden Bay Hotel,Naivasha,Nakuru County,Kenya,A hotel located in Naivasha.,Check website,No amenities listed,Unrated,Naivasha,No website available,https://www.openstreetmap.org/node/6294763785
Triple Eden Naivasha,Naivasha,Nakuru County,Kenya,A hotel located in Naivasha.,Check website,No amenities listed,Unrated,"Old Naivasha Road, Karagita",No website available,https://www.openstreetmap.org/node/6905898174
The Nest Boutique,Naivasha,Nakuru County,Kenya,A hotel located in Naivasha.,Check website,No amenities listed,Unrated,"South Lake Road, Karagita",No website available,https://www.openstreetmap.org/node/6905898180
Chambai Safari,Naivasha,Nakuru County,Kenya,A hotel located in Naivasha.,Check website,No amenities listed,Unrated,"South Lake Road, Karagita",No website available,https://www.openstreetmap.org/node/6905898181
Dea's Gardens,Naivasha,Nakuru County,Kenya,A hotel located in Naivasha.,Check website,No amenities listed,Unrated,"Mois Lake Road, Karagita",No website available,https://www.openstreetmap.org/node/6905898182
Burch's Resort,Naivasha,Nakuru County,Kenya,A hotel located in Naivasha.,Check website,No amenities listed,Unrated,"Moi South Lake Road, Naivasha",No website available,https://www.openstreetmap.org/node/6905900385
Kiboko Luxury Camp,Naivasha,Nakuru County,Kenya,A hotel located in Naivasha.,Check website,No amenities listed,Unrated,"Moi South Lake Road, Naivasha",No website available,https://www.openstreetmap.org/node/6905900386
Lakeview Resort,Naivasha,Nakuru County,Kenya,A hotel located in Naivasha.,Check website,No amenities listed,Unrated,"Moi South Lake Road, Naivasha",No website available,https://www.openstreetmap.org/node/6905900388
Jaza Naivasha Resort,Naivasha,Nakuru County,Kenya,A hotel located in Naivasha.,Check website,No amenities listed,Unrated,"Mama Ngina Road, Naivasha",No website available,https://www.openstreetmap.org/node/6905900389
Aloepark,Naivasha,Nakuru County,Kenya,A hotel located in Naivasha.,Check website,No amenities listed,Unrated,"Lake View 1st Drive, Naivasha",No website available,https://www.openstreetmap.org/node/6905900390
Taphe Guest Resort,Naivasha,Nakuru County,Kenya,A hotel located in Naivasha.,Check website,internet access,Unrated,"Taphe Guest Resort Road, Naivasha",https://www.tapheguestresort.com/,https://www.openstreetmap.org/node/6905900391
Lake Naivasha Panorama Park,Naivasha,Nakuru County,Kenya,A hotel located in Naivasha.,Check website,No amenities listed,Unrated,"Moi South Lake Road, Naivasha",No website available,https://www.openstreetmap.org/node/6905900392
Yellow green,Naivasha,Nakuru County,Kenya,A hotel located in Naivasha.,Check website,No amenities listed,Unrated,"Moi South Lake Road, Naivasha",No website available,https://www.openstreetmap.org/node/6905900399
Heritage Resort,Naivasha,Nakuru County,Kenya,A hotel located in Naivasha.,Check website,No amenities listed,Unrated,"Nairobi - Nakuru Road, Naivasha",No website available,https://www.openstreetmap.org/node/6905900401
Peppercorn Holiday,Naivasha,Nakuru County,Kenya,A hotel located in Naivasha.,Check website,No amenities listed,Unrated,Naivasha,No website available,https://www.openstreetmap.org/node/7184312509
Dove nest,Naivasha,Nakuru County,Kenya,A hotel located in Naivasha.,Check website,No amenities listed,Unrated,Naivasha,No website available,https://www.openstreetmap.org/node/7184312510
Twinspot Guest House,Naivasha,Nakuru County,Kenya,A hotel located in Naivasha.,Check website,internet access,Unrated,No contact information available,No website available,https://www.openstreetmap.org/node/7234613285
Merlin Resort,Naivasha,Nakuru County,Kenya,A hotel located in Naivasha.,Check website,No amenities listed,Unrated,"Nairobi - Nakuru Road, Naivasha",No website available,https://www.openstreetmap.org/node/7992221221
Residence Inn,Naivasha,Nakuru County,Kenya,A hotel located in Naivasha.,Check website,No amenities listed,Unrated,No contact information available,No website available,https://www.openstreetmap.org/node/11028470992
Lemaiyan Suites,Naivasha,Nakuru County,Kenya,"A hotel located in Naivasha, rated 5 stars.",Check website,internet access,5-star,"975, Nairobi - Nakuru Road, Naivasha",https://lemaiyansuites.com/,https://www.openstreetmap.org/node/12147607902
Eseriani the Resort,Naivasha,Nakuru County,Kenya,A hotel located in Naivasha.,Check website,No amenities listed,Unrated,No contact information available,No website available,https://www.openstreetmap.org/node/13088862829
Great Rift Valley Lodge,Naivasha,Nakuru County,Kenya,A hotel located in Naivasha.,Check website,No amenities listed,Unrated,No contact information available,No website available,https://www.openstreetmap.org/way/292817698
Yard Valley Manor,Naivasha,Nakuru County,Kenya,A hotel located in Naivasha.,Check website,No amenities listed,Unrated,"Moi South Lake Road, Naivasha",No website available,https://www.openstreetmap.org/way/333149316
Rift Valley Lodge,Naivasha,Nakuru County,Kenya,A hotel located in Naivasha.,Check website,No amenities listed,Unrated,"Moi South Lake Road, Naivasha",No website available,https://www.openstreetmap.org/way/339140913
Lake Naivasha Resort,Naivasha,Nakuru County,Kenya,A hotel located in Naivasha.,Check website,No amenities listed,Unrated,"Moi South Lake Road, Naivasha",No website available,https://www.openstreetmap.org/way/339141181
Heritage Resort Hotel,Naivasha,Nakuru County,Kenya,A hotel located in Naivasha.,Check website,No amenities listed,Unrated,"Nairobi - Nakuru Road, Naivasha",No website available,https://www.openstreetmap.org/way/395551006
Rocky Resort,Naivasha,Nakuru County,Kenya,A hotel located in Naivasha.,Check website,No amenities listed,Unrated,"Moi South Lake Road, Naivasha",No website available,https://www.openstreetmap.org/way/492587053
Sweet Lake Resort,Naivasha,Nakuru County,Kenya,A hotel located in Naivasha.,Check website,No amenities listed,Unrated,"Moi South Lake Road, Naivasha",No website available,https://www.openstreetmap.org/way/644299374
Astorian Grand Hotel Naivasha,Naivasha,Nakuru County,Kenya,A hotel located in Naivasha.,Check website,No amenities listed,Unrated,"Nairobi - Nakuru Road, Naivasha",No website available,https://www.openstreetmap.org/way/1054189782
Three Ways Restaurant Hotel,Naivasha,Nakuru County,Kenya,A hotel located in Naivasha.,Check website,No amenities listed,Unrated,"Nairobi - Nakuru Road, Naivasha",No website available,https://www.openstreetmap.org/way/1054189838
Symphony,Naivasha,Nakuru County,Kenya,A hotel located in Naivasha.,Check website,No amenities listed,Unrated,"Moi South Lake Road, Naivasha",No website available,https://www.openstreetmap.org/way/1054189839
Hylise,Naivasha,Nakuru County,Kenya,A hotel located in Naivasha.,Check website,No amenities listed,Unrated,"Nairobi - Nakuru Road, Naivasha",No website available,https://www.openstreetmap.org/way/1054189968
Viewers Park Hotel,Naivasha,Nakuru County,Kenya,A hotel located in Naivasha.,Check website,No amenities listed,Unrated,"Moi Avenue, Naivasha",No website available,https://www.openstreetmap.org/way/1054700277
Lakeside Tourist Lodge,Naivasha,Nakuru County,Kenya,A hotel located in Naivasha.,Check website,No amenities listed,Unrated,"Moi Avenue, Naivasha",No website available,https://www.openstreetmap.org/way/1054700409
Waterbuck Hotel,Nakuru,Nakuru County,Kenya,A hotel located in Nakuru.,Check website,No amenities listed,Unrated,"West Road, Nakuru",No website available,https://www.openstreetmap.org/node/1103141046
Graceland Hotel,Nakuru,Nakuru County,Kenya,A hotel located in Nakuru.,Check website,No amenities listed,Unrated,"Crater Lane, Nakuru",No website available,https://www.openstreetmap.org/node/1106596697
Donnie's,Nakuru,Nakuru County,Kenya,A hotel located in Nakuru.,Check website,No amenities listed,Unrated,"Nakuru-Sigor Road, Nakuru",No website available,https://www.openstreetmap.org/node/1351892614
Maili Saba Camp,Nakuru,Nakuru County,Kenya,A hotel located in Nakuru.,Check website,No amenities listed,Unrated,No contact information available,No website available,https://www.openstreetmap.org/node/1628846226
Hotel Carnation,Nakuru,Nakuru County,Kenya,A hotel located in Nakuru.,Check website,No amenities listed,Unrated,No contact information available,No website available,https://www.openstreetmap.org/node/1843438209
Cool Rivers,Nakuru,Nakuru County,Kenya,A hotel located in Nakuru.,Check website,No amenities listed,Unrated,"Old Nairobi Road, Nakuru",No website available,https://www.openstreetmap.org/node/2984903310
Royal Spring,Nakuru,Nakuru County,Kenya,A hotel located in Nakuru.,Check website,internet access,Unrated,No contact information available,No website available,https://www.openstreetmap.org/node/4413153098
Pivot Hotel And Fitness Centre,Nakuru,Nakuru County,Kenya,A hotel located in Nakuru.,Check website,No amenities listed,Unrated,"Lower Bedi Road, Nakuru",No website available,https://www.openstreetmap.org/node/4607705395
Sleepway Cottages,Nakuru,Nakuru County,Kenya,A hotel located in Nakuru.,Check website,internet access,Unrated,"Uhuru Street, Nakuru",No website available,https://www.openstreetmap.org/node/4861996821
Alpine,Nakuru,Nakuru County,Kenya,A hotel located in Nakuru.,Check website,No amenities listed,Unrated,No contact information available,No website available,https://www.openstreetmap.org/node/4927702455
citymax,Nakuru,Nakuru County,Kenya,A hotel located in Nakuru.,Check website,internet access,Unrated,0711 853 328,No website available,https://www.openstreetmap.org/node/5815758454
Miale The Hotel,Nakuru,Nakuru County,Kenya,A hotel located in Nakuru.,Check website,No amenities listed,Unrated,"001, Nairobi-Nakuru Road, Nakuru",No website available,https://www.openstreetmap.org/node/5903940477
Red Rose,Nakuru,Nakuru County,Kenya,A hotel located in Nakuru.,Check website,No amenities listed,Unrated,No contact information available,No website available,https://www.openstreetmap.org/node/6015088887
The Cliff,Nakuru,Nakuru County,Kenya,A hotel located in Nakuru.,Check website,No amenities listed,Unrated,No contact information available,No website available,https://www.openstreetmap.org/node/6126047940
Flamingo Guest House,Nakuru,Nakuru County,Kenya,A hotel located in Nakuru.,Check website,No amenities listed,Unrated,"Nakuru-Kisumu Road, Nakuru",No website available,https://www.openstreetmap.org/node/6151398350
Imani Guest House & Confrence Centre,Nakuru,Nakuru County,Kenya,A hotel located in Nakuru.,Check website,No amenities listed,Unrated,Nakuru,No website available,https://www.openstreetmap.org/node/6151398356
Manyatta Hotel,Nakuru,Nakuru County,Kenya,A hotel located in Nakuru.,Check website,No amenities listed,Unrated,"Lower Bedi Road, Nakuru",No website available,https://www.openstreetmap.org/node/6151466842
Mau View Hotel,Nakuru,Nakuru County,Kenya,A hotel located in Nakuru.,Check website,No amenities listed,Unrated,"Lower Bedi Road, Nakuru",No website available,https://www.openstreetmap.org/node/6151497051
Peniel Guest House,Nakuru,Nakuru County,Kenya,A hotel located in Nakuru.,Check website,No amenities listed,Unrated,"Show Ground Road, Nakuru",No website available,https://www.openstreetmap.org/node/6192315392
Milele Resort,Nakuru,Nakuru County,Kenya,A hotel located in Nakuru.,Check website,No amenities listed,Unrated,"Nakuru-Sigor Road, Nakuru",No website available,https://www.openstreetmap.org/node/6192315398
Kenlands Relax Inn,Nakuru,Nakuru County,Kenya,A hotel located in Nakuru.,Check website,No amenities listed,Unrated,"West Road, Nakuru",No website available,https://www.openstreetmap.org/node/6192315399
Zillian Park Hotel,Nakuru,Nakuru County,Kenya,A hotel located in Nakuru.,Check website,No amenities listed,Unrated,"Baringo Street, Nakuru",No website available,https://www.openstreetmap.org/node/6192315400
Lanet Matfam Resort,Nakuru,Nakuru County,Kenya,A hotel located in Nakuru.,Check website,internet access,Unrated,No contact information available,No website available,https://www.openstreetmap.org/node/6852377985
The Stem,Nakuru,Nakuru County,Kenya,A hotel located in Nakuru.,Check website,No amenities listed,Unrated,"Old Nairobi Road, Nakuru",No website available,https://www.openstreetmap.org/node/6915619054
Top cliff lodge,Nakuru,Nakuru County,Kenya,A hotel located in Nakuru.,Check website,No amenities listed,Unrated,"Old Nairobi Road, Nakuru",No website available,https://www.openstreetmap.org/node/6915619075
Hotel Bison,Nakuru,Nakuru County,Kenya,A hotel located in Nakuru.,Check website,No amenities listed,Unrated,"Mburu Gichua Road, Nakuru",No website available,https://www.openstreetmap.org/node/6915663485
Leopard View,Nakuru,Nakuru County,Kenya,A hotel located in Nakuru.,Check website,No amenities listed,Unrated,"Kanu Street, Nakuru",No website available,https://www.openstreetmap.org/node/6915929167
Golden Palace,Nakuru,Nakuru County,Kenya,A hotel located in Nakuru.,Check website,internet access,Unrated,"Kanu Street, Nakuru",No website available,https://www.openstreetmap.org/node/6915929168
Genevieve,Nakuru,Nakuru County,Kenya,A hotel located in Nakuru.,Check website,No amenities listed,Unrated,"Kanu Street, Nakuru",No website available,https://www.openstreetmap.org/node/6915929169
Eagle palace,Nakuru,Nakuru County,Kenya,A hotel located in Nakuru.,Check website,No amenities listed,Unrated,"Oginga Odinga Avenue, Nakuru",No website available,https://www.openstreetmap.org/node/7187879253
Witas Lodge,Nakuru,Nakuru County,Kenya,A hotel located in Nakuru.,Check website,internet access,Unrated,No contact information available,No website available,https://www.openstreetmap.org/node/7197020392
Blue Bay,Nakuru,Nakuru County,Kenya,A hotel located in Nakuru.,Check website,No amenities listed,Unrated,"Solai Road, Nakuru",No website available,https://www.openstreetmap.org/node/7887411676
Travellers Castle,Nakuru,Nakuru County,Kenya,A hotel located in Nakuru.,Check website,No amenities listed,Unrated,"Solai Road, Nakuru",No website available,https://www.openstreetmap.org/node/7887411677
Vienna Woods Holiday Inn,Nakuru,Nakuru County,Kenya,A hotel located in Nakuru.,Check website,No amenities listed,Unrated,"Nakuru-Sigor Road, Nakuru",No website available,https://www.openstreetmap.org/node/7887411679
Buraha Zenoni,Nakuru,Nakuru County,Kenya,A hotel located in Nakuru.,Check website,No amenities listed,Unrated,Barnabas,No website available,https://www.openstreetmap.org/node/8954255071
Jams,Nakuru,Nakuru County,Kenya,A hotel located in Nakuru.,Check website,No amenities listed,Unrated,"Moi Street, Nakuru",No website available,https://www.openstreetmap.org/node/8957386479
Royal Green Gardens,Nakuru,Nakuru County,Kenya,A hotel located in Nakuru.,Check website,No amenities listed,Unrated,"Nakuru-Sigor Road, Nakuru",No website available,https://www.openstreetmap.org/node/8963316603
The Eros,Nakuru,Nakuru County,Kenya,A hotel located in Nakuru.,Check website,No amenities listed,Unrated,No contact information available,No website available,https://www.openstreetmap.org/node/9101351111
Jams Hotel,Nakuru,Nakuru County,Kenya,A hotel located in Nakuru.,Check website,No amenities listed,Unrated,No contact information available,No website available,https://www.openstreetmap.org/node/9840997518
Ararat Hotel,Nakuru,Nakuru County,Kenya,"A hotel located in Nakuru, rated 3 stars.",Check website,internet access,3-star,No contact information available,No website available,https://www.openstreetmap.org/node/9843288389
Ole ken,Nakuru,Nakuru County,Kenya,A hotel located in Nakuru.,Check website,No amenities listed,Unrated,No contact information available,No website available,https://www.openstreetmap.org/node/9852534117
Hygienic Hotel,Nakuru,Nakuru County,Kenya,A hotel located in Nakuru.,Check website,No amenities listed,Unrated,No contact information available,No website available,https://www.openstreetmap.org/node/10786971294
Hyrax View Hotel,Nakuru,Nakuru County,Kenya,A hotel located in Nakuru.,Check website,internet access,Unrated,Nakuru,No website available,https://www.openstreetmap.org/node/13895330382
Hotel Kunste,Nakuru,Nakuru County,Kenya,"A hotel located in Nakuru, rated 3 stars.",Check website,No amenities listed,3-star,"Solai Road, Nakuru",No website available,https://www.openstreetmap.org/way/189355378
Bontana Hotel,Nakuru,Nakuru County,Kenya,A hotel located in Nakuru.,Check website,No amenities listed,Unrated,No contact information available,No website available,https://www.openstreetmap.org/way/254768645
Hotel Cathay,Nakuru,Nakuru County,Kenya,A hotel located in Nakuru.,Check website,No amenities listed,Unrated,No contact information available,http://hotelcathay.co.ke,https://www.openstreetmap.org/way/284666156
Hillcourt Resort & Spa,Nakuru,Nakuru County,Kenya,A hotel located in Nakuru.,Check website,No amenities listed,Unrated,"Old Nairobi Road, Nakuru",No website available,https://www.openstreetmap.org/way/296572960
Midland Hotel,Nakuru,Nakuru County,Kenya,A hotel located in Nakuru.,Check website,No amenities listed,Unrated,No contact information available,No website available,https://www.openstreetmap.org/way/298834795
Murius Guesthouse,Nakuru,Nakuru County,Kenya,A hotel located in Nakuru.,Check website,No amenities listed,Unrated,"General Kariba Street, Nakuru",No website available,https://www.openstreetmap.org/way/488362378
Jamka,Nakuru,Nakuru County,Kenya,A hotel located in Nakuru.,Check website,No amenities listed,Unrated,No contact information available,No website available,https://www.openstreetmap.org/way/488366545
Avenue Suites,Nakuru,Nakuru County,Kenya,A hotel located in Nakuru.,Check website,No amenities listed,Unrated,No contact information available,No website available,https://www.openstreetmap.org/way/488459874
Marvin Hotel,Nakuru,Nakuru County,Kenya,A hotel located in Nakuru.,Check website,No amenities listed,Unrated,No contact information available,No website available,https://www.openstreetmap.org/way/495966221
Chester,Nakuru,Nakuru County,Kenya,A hotel located in Nakuru.,Check website,No amenities listed,Unrated,"General Kariba Street, Nakuru",No website available,https://www.openstreetmap.org/way/501044389
Vineyard Court 2000,Nakuru,Nakuru County,Kenya,A hotel located in Nakuru.,Check website,No amenities listed,Unrated,"Solai Road, Nakuru",No website available,https://www.openstreetmap.org/way/1024748597
Matfam Resort,Nakuru,Nakuru County,Kenya,A hotel located in Nakuru.,Check website,No amenities listed,Unrated,"Major Mwangi Road, Nakuru",No website available,https://www.openstreetmap.org/way/1024782867
Wagon Wheel,Nakuru,Nakuru County,Kenya,A hotel located in Nakuru.,Check website,No amenities listed,Unrated,"Nairobi-Nakuru Road, Nakuru",No website available,https://www.openstreetmap.org/way/1025468419
Ziwa Bush Lodge Reception,Nakuru,Nakuru County,Kenya,A hotel located in Nakuru.,Check website,internet access,Unrated,Nakuru,https://www.ziwalodge.com/,https://www.openstreetmap.org/way/1025483168
Sizzling Waters,Nakuru,Nakuru County,Kenya,A hotel located in Nakuru.,Check website,No amenities listed,Unrated,Nakuru,No website available,https://www.openstreetmap.org/way/1027001161
Sarova Lion Hill Game Lodge,Nakuru,Nakuru County,Kenya,A hotel located in Nakuru.,Check website,internet access,Unrated,+254 709 111 000,https://www.sarovahotels.com/lionhill-nakuru/,https://www.openstreetmap.org/way/1102305304
Seronera Lodge,Maasai Mara,Narok County,Kenya,A hotel located in Maasai Mara.,Check website,No amenities listed,Unrated,No contact information available,https://www.hotelsandlodges-tanzania.com/properties/en/seronera_index.php,https://www.openstreetmap.org/node/341296278
The Court,Amboseli,Kajiado County,Kenya,A hotel located in Amboseli.,Check website,No amenities listed,Unrated,No contact information available,No website available,https://www.openstreetmap.org/node/244511643
Swan Hotel,Amboseli,Kajiado County,Kenya,A hotel located in Amboseli.,Check website,No amenities listed,Unrated,"11, Sadler Street, Wells",No website available,https://www.openstreetmap.org/node/248471311
Centurion Hotel,Amboseli,Kajiado County,Kenya,A hotel located in Amboseli.,Check website,No amenities listed,Unrated,No contact information available,No website available,https://www.openstreetmap.org/node/251966215
The George,Amboseli,Kajiado County,Kenya,A hotel located in Amboseli.,Check website,No amenities listed,Unrated,"5, Market Place, Frome",No website available,https://www.openstreetmap.org/node/275022591
Beryl,Amboseli,Kajiado County,Kenya,A hotel located in Amboseli.,Check website,internet access,Unrated,+44 1749 678738,https://www.beryl-wells.co.uk/,https://www.openstreetmap.org/node/1183590734
The shrubbery Hotel,Amboseli,Kajiado County,Kenya,A hotel located in Amboseli.,Check website,internet access,Unrated,"17, Commercial Road, Shepton Mallet",No website available,https://www.openstreetmap.org/node/1223288544
Blue Ball,Amboseli,Kajiado County,Kenya,A hotel located in Amboseli.,Check website,No amenities listed,Unrated,No contact information available,No website available,https://www.openstreetmap.org/node/5061031740
Premier Inn Wells,Amboseli,Kajiado County,Kenya,A hotel located in Amboseli.,Check website,internet access,Unrated,"Rowdens Road, Wells",https://www.premierinn.com/gb/en/hotels/england/somerset/wells/wells-somerset.html,https://www.openstreetmap.org/node/6298046989
The Old Malt House,Amboseli,Kajiado County,Kenya,A hotel located in Amboseli.,Check website,No amenities listed,Unrated,No contact information available,https://www.oldmalthouse.co.uk/,https://www.openstreetmap.org/way/125207524
Premier Inn Frome,Amboseli,Kajiado County,Kenya,A hotel located in Amboseli.,Check website,internet access,Unrated,"Jenson Avenue, Frome",https://www.premierinn.com/gb/en/hotels/england/somerset/frome/frome.html,https://www.openstreetmap.org/way/128171337
Babington House,Amboseli,Kajiado County,Kenya,A hotel located in Amboseli.,Check website,No amenities listed,Unrated,No contact information available,No website available,https://www.openstreetmap.org/way/210589395
The Woolpack Inn,Amboseli,Kajiado County,Kenya,A hotel located in Amboseli.,Check website,No amenities listed,Unrated,No contact information available,https://www.oldenglishinns.co.uk/our-locations/the-woolpack-beckington/,https://www.openstreetmap.org/way/231456784
Miners Rest,Amboseli,Kajiado County,Kenya,A hotel located in Amboseli.,Check website,No amenities listed,Unrated,Market Place,https://minersrest.uk/,https://www.openstreetmap.org/way/297352364
Travelodge,Amboseli,Kajiado County,Kenya,A hotel located in Amboseli.,Check website,internet access,Unrated,"Trowbridge Road, Frome",https://www.travelodge.co.uk/hotels/76/Beckington-hotel,https://www.openstreetmap.org/way/387681970
Harptree Court,Amboseli,Kajiado County,Kenya,A hotel located in Amboseli.,Check website,No amenities listed,Unrated,Bristol,www.harptreecourt.co.uk/,https://www.openstreetmap.org/way/389208087
Carlton House,Amboseli,Kajiado County,Kenya,A hotel located in Amboseli.,Check website,No amenities listed,Unrated,No contact information available,https://www.charltonhouse.com/,https://www.openstreetmap.org/way/413609743
Cameley Lodge,Amboseli,Kajiado County,Kenya,"A hotel located in Amboseli, rated 3 stars.",Check website,internet access,3-star,Temple Cloud,https://www.cameleylodge.co.uk/,https://www.openstreetmap.org/way/435868405
White Hart Hotel,Amboseli,Kajiado County,Kenya,A hotel located in Amboseli.,Check website,No amenities listed,Unrated,"19-21, Sadler Street, Wells",No website available,https://www.openstreetmap.org/way/544481506
The Crown,Amboseli,Kajiado County,Kenya,A hotel located in Amboseli.,Check website,No amenities listed,Unrated,"Market Place, Wells",No website available,https://www.openstreetmap.org/way/618665011
The Shubbery Hotel,Amboseli,Kajiado County,Kenya,A hotel located in Amboseli.,Check website,internet access,Unrated,"17, Commercial Road, Shepton Mallet",No website available,https://www.openstreetmap.org/way/985356683
Swan Hotel Beer Garden,Amboseli,Kajiado County,Kenya,A hotel located in Amboseli.,Check website,No amenities listed,Unrated,No contact information available,No website available,https://www.openstreetmap.org/way/1535848850
Mtoni Marine Hotel,Malindi,Kilifi County,Kenya,A hotel located in Malindi.,Check website,No amenities listed,Unrated,No contact information available,No website available,https://www.openstreetmap.org/node/31571560
Hotel Marine,Malindi,Kilifi County,Kenya,A hotel located in Malindi.,Check website,No amenities listed,Unrated,No contact information available,No website available,https://www.openstreetmap.org/node/31571651
Garden Lodge,Malindi,Kilifi County,Kenya,A hotel located in Malindi.,Check website,No amenities listed,Unrated,No contact information available,No website available,https://www.openstreetmap.org/node/273240126
Asmini Palace,Malindi,Kilifi County,Kenya,A hotel located in Malindi.,Check website,No amenities listed,Unrated,"Kiponda Street, Stone Town",https://www.asminipalace.com/,https://www.openstreetmap.org/node/274949579
Zanzibar Serena Inn,Malindi,Kilifi County,Kenya,A hotel located in Malindi.,Check website,No amenities listed,Unrated,Shangani Street,https://www.serenahotels.com/serenazanzibar/default-en.html,https://www.openstreetmap.org/node/274949862
Clove Hotel,Malindi,Kilifi County,Kenya,A hotel located in Malindi.,Check website,No amenities listed,Unrated,"Hurumzi Street, Stone Town",http://www.clovehotel.com,https://www.openstreetmap.org/node/817920337
Zenji Hotel,Malindi,Kilifi County,Kenya,A hotel located in Malindi.,Check website,No amenities listed,Unrated,No contact information available,No website available,https://www.openstreetmap.org/node/957708094
Dhow Palace Hotel,Malindi,Kilifi County,Kenya,A hotel located in Malindi.,Check website,internet access,Unrated,"Kenyatta Road, Stone Town",http://dhowpalace-hotel.com/,https://www.openstreetmap.org/node/1372275692
Al Johari,Malindi,Kilifi County,Kenya,A hotel located in Malindi.,Check website,No amenities listed,Unrated,No contact information available,No website available,https://www.openstreetmap.org/node/1962415863
Mbweni Ruins Hotel,Malindi,Kilifi County,Kenya,A hotel located in Malindi.,Check website,internet access,Unrated,+255778242424,https://beach-resort-zanzibar.com/,https://www.openstreetmap.org/node/1962748859
1001 Nights / ألف ليلة وليلة,Malindi,Kilifi County,Kenya,A hotel located in Malindi.,Check website,No amenities listed,Unrated,No contact information available,No website available,https://www.openstreetmap.org/node/2180796203
Zanzibar Hotel,Malindi,Kilifi County,Kenya,A hotel located in Malindi.,Check website,No amenities listed,Unrated,No contact information available,No website available,https://www.openstreetmap.org/node/2523222230
Chavda Hotel,Malindi,Kilifi County,Kenya,A hotel located in Malindi.,Check website,No amenities listed,Unrated,No contact information available,No website available,https://www.openstreetmap.org/node/2523224641
Shangani Hotel,Malindi,Kilifi County,Kenya,A hotel located in Malindi.,Check website,No amenities listed,Unrated,No contact information available,No website available,https://www.openstreetmap.org/node/2523228404
Coco De Mer,Malindi,Kilifi County,Kenya,A hotel located in Malindi.,Check website,No amenities listed,Unrated,+255 657 379212,https://www.facebook.com/pages/Coco-De-Mer-Hotel-Zanzibar,https://www.openstreetmap.org/node/2555661486
Sea Cliff Resort & Spa,Malindi,Kilifi County,Kenya,A hotel located in Malindi.,Check website,internet access,Unrated,Mangapwani,http://www.seacliffzanzibar.com,https://www.openstreetmap.org/node/2615308078
Shaba Boutique Hotel,Malindi,Kilifi County,Kenya,A hotel located in Malindi.,Check website,No amenities listed,Unrated,"Kiponda Street, Stone Town",https://www.hotelzanzibar.com/shaba-boutique-hotel/,https://www.openstreetmap.org/node/3225290862
Zanzibar Ocean View,Malindi,Kilifi County,Kenya,A hotel located in Malindi.,Check website,No amenities listed,Unrated,No contact information available,https://www.oceangrouphotel.com/zanzibar-ocean-view.php,https://www.openstreetmap.org/node/3226087761
Emerson Spice Hotel,Malindi,Kilifi County,Kenya,A hotel located in Malindi.,Check website,internet access,Unrated,"Tharia Street, Stone Town",https://www.emersonspice.com/,https://www.openstreetmap.org/node/3226753061
Forodhani Park Hotel,Malindi,Kilifi County,Kenya,A hotel located in Malindi.,Check website,No amenities listed,Unrated,"Gizenga Street, Zanzibar, Stone town",No website available,https://www.openstreetmap.org/node/3585993494
Emerson on Hurumzi,Malindi,Kilifi County,Kenya,A hotel located in Malindi.,Check website,internet access,Unrated,+255 242 232784,No website available,https://www.openstreetmap.org/node/3611613497
Mashariki Palace Hotel,Malindi,Kilifi County,Kenya,A hotel located in Malindi.,Check website,No amenities listed,Unrated,+255 24 2237232,http://www.masharikipalacehotel.com,https://www.openstreetmap.org/node/3612442944
The Swahili House,Malindi,Kilifi County,Kenya,A hotel located in Malindi.,Check website,air conditioning,Unrated,Kiponda Street,http://www.theswahilihouse.com,https://www.openstreetmap.org/node/3615045076
Pearl of Zanzibar,Malindi,Kilifi County,Kenya,"A hotel located in Malindi, rated 3 stars.",Check website,No amenities listed,3-star,No contact information available,No website available,https://www.openstreetmap.org/node/3617131127
James,Malindi,Kilifi County,Kenya,A hotel located in Malindi.,Check website,internet access,Unrated,+255 773 603 500,No website available,https://www.openstreetmap.org/node/4273091798
Funguni Palace Hotel,Malindi,Kilifi County,Kenya,A hotel located in Malindi.,Check website,No amenities listed,Unrated,No contact information available,No website available,https://www.openstreetmap.org/node/4437239690
Zenji Boutique,Malindi,Kilifi County,Kenya,A hotel located in Malindi.,Check website,internet access,Unrated,No contact information available,No website available,https://www.openstreetmap.org/node/4437555290
Riverman Hotel,Malindi,Kilifi County,Kenya,A hotel located in Malindi.,Check website,internet access,Unrated,+255778010407,No website available,https://www.openstreetmap.org/node/4451315491
Freddy Mercury House,Malindi,Kilifi County,Kenya,A hotel located in Malindi.,Check website,internet access,Unrated,No contact information available,No website available,https://www.openstreetmap.org/node/4485277095
Tausi Palace Hotel,Malindi,Kilifi County,Kenya,A hotel located in Malindi.,Check website,No amenities listed,Unrated,No contact information available,No website available,https://www.openstreetmap.org/node/4485306689
Golden Tulip,Malindi,Kilifi County,Kenya,A hotel located in Malindi.,Check website,internet access,Unrated,No contact information available,No website available,https://www.openstreetmap.org/node/4486492890
Passing Show Hotel Zanzibar,Malindi,Kilifi County,Kenya,A hotel located in Malindi.,Check website,No amenities listed,Unrated,No contact information available,No website available,https://www.openstreetmap.org/node/4486493089
Sea View Hotel,Malindi,Kilifi County,Kenya,A hotel located in Malindi.,Check website,No amenities listed,Unrated,No contact information available,No website available,https://www.openstreetmap.org/node/4513912552
Sleep Inn,Malindi,Kilifi County,Kenya,A hotel located in Malindi.,Check website,internet access,Unrated,+255652380898,No website available,https://www.openstreetmap.org/node/5779004253
The Seyyida Hotel,Malindi,Kilifi County,Kenya,A hotel located in Malindi.,Check website,No amenities listed,Unrated,No contact information available,No website available,https://www.openstreetmap.org/node/5882076607
Seyyida Hotel and Spa,Malindi,Kilifi County,Kenya,A hotel located in Malindi.,Check website,No amenities listed,Unrated,No contact information available,https://theseyyida-zanzibar.com,https://www.openstreetmap.org/node/5885098459
Al-Minar,Malindi,Kilifi County,Kenya,A hotel located in Malindi.,Check website,No amenities listed,Unrated,"96, Shangani",https://alminarhotel.com/,https://www.openstreetmap.org/node/5928864364
Beyt Al Salaam,Malindi,Kilifi County,Kenya,"A hotel located in Malindi, rated 4 stars.",Check website,internet access,4-star,"Kelele Square, Stone Town",https://beytalsalaam.com/,https://www.openstreetmap.org/node/6357925217
Bottoms Up,Malindi,Kilifi County,Kenya,A hotel located in Malindi.,Check website,No amenities listed,Unrated,No contact information available,No website available,https://www.openstreetmap.org/node/6589443385
Amani residential Hotel,Malindi,Kilifi County,Kenya,A hotel located in Malindi.,Check website,No amenities listed,Unrated,No contact information available,No website available,https://www.openstreetmap.org/node/6761454415
resteurant,Malindi,Kilifi County,Kenya,A hotel located in Malindi.,Check website,No amenities listed,Unrated,No contact information available,No website available,https://www.openstreetmap.org/node/6771563315
Mama Ntilie,Malindi,Kilifi County,Kenya,A hotel located in Malindi.,Check website,No amenities listed,Unrated,No contact information available,No website available,https://www.openstreetmap.org/node/6777285982
Maruhubi Beach Villas,Malindi,Kilifi County,Kenya,A hotel located in Malindi.,Check website,No amenities listed,Unrated,No contact information available,No website available,https://www.openstreetmap.org/node/6779016833
BARASTE LODGE,Malindi,Kilifi County,Kenya,A hotel located in Malindi.,Check website,No amenities listed,Unrated,No contact information available,No website available,https://www.openstreetmap.org/node/6779051030
Island Paradise,Malindi,Kilifi County,Kenya,A hotel located in Malindi.,Check website,No amenities listed,Unrated,No contact information available,No website available,https://www.openstreetmap.org/node/6787670750
Golf Hotel,Malindi,Kilifi County,Kenya,A hotel located in Malindi.,Check website,No amenities listed,Unrated,No contact information available,No website available,https://www.openstreetmap.org/node/6787714858
Dreams Hotel,Malindi,Kilifi County,Kenya,A hotel located in Malindi.,Check website,"internet access, air conditioning",Unrated,No contact information available,No website available,https://www.openstreetmap.org/node/6788025619
Marabuh villas beach,Malindi,Kilifi County,Kenya,A hotel located in Malindi.,Check website,No amenities listed,Unrated,No contact information available,No website available,https://www.openstreetmap.org/node/7101577385
Marubuhi beach villa,Malindi,Kilifi County,Kenya,A hotel located in Malindi.,Check website,No amenities listed,Unrated,No contact information available,No website available,https://www.openstreetmap.org/node/7108530285
TAUSI PLACE HOTEL,Malindi,Kilifi County,Kenya,A hotel located in Malindi.,Check website,No amenities listed,Unrated,No contact information available,No website available,https://www.openstreetmap.org/node/7129184186
Jafferji House & Spa,Malindi,Kilifi County,Kenya,A hotel located in Malindi.,Check website,No amenities listed,Unrated,No contact information available,No website available,https://www.openstreetmap.org/node/8044415986
Kahawa sun set view,Malindi,Kilifi County,Kenya,A hotel located in Malindi.,Check website,No amenities listed,Unrated,No contact information available,No website available,https://www.openstreetmap.org/node/8078061920
DAFU,Malindi,Kilifi County,Kenya,A hotel located in Malindi.,Check website,No amenities listed,Unrated,No contact information available,No website available,https://www.openstreetmap.org/node/8206751017
Abla Hotel,Malindi,Kilifi County,Kenya,A hotel located in Malindi.,Check website,No amenities listed,Unrated,No contact information available,No website available,https://www.openstreetmap.org/node/8277226817
Stoun Stoun View inn,Malindi,Kilifi County,Kenya,A hotel located in Malindi.,Check website,No amenities listed,Unrated,No contact information available,No website available,https://www.openstreetmap.org/node/8364875518
Spice Palace,Malindi,Kilifi County,Kenya,A hotel located in Malindi.,Check website,No amenities listed,Unrated,No contact information available,No website available,https://www.openstreetmap.org/node/9173799102
Tembo B & B Apartments,Malindi,Kilifi County,Kenya,A hotel located in Malindi.,Check website,No amenities listed,Unrated,No contact information available,No website available,https://www.openstreetmap.org/node/9173804580
Golden Tulip Zanzibar Airport,Malindi,Kilifi County,Kenya,"A hotel located in Malindi, rated 4 stars.",Check website,"internet access, air conditioning",4-star,"Kiembe Samaki, Airport Road, Plot No, ZAA 001, Zanzibar",https://zanzibar-airport.goldentulip.com/en-us/,https://www.openstreetmap.org/node/9283740293
Masala Living,Malindi,Kilifi County,Kenya,A hotel located in Malindi.,Check website,No amenities listed,Unrated,+255 683 078 727,No website available,https://www.openstreetmap.org/node/9346961917
All Season Hotel,Malindi,Kilifi County,Kenya,A hotel located in Malindi.,Check website,No amenities listed,Unrated,No contact information available,No website available,https://www.openstreetmap.org/node/10125821217
Golden Palm Boutique Hotel,Malindi,Kilifi County,Kenya,A hotel located in Malindi.,Check website,internet access,Unrated,+255 772 900 888,https://www.goldenpalmzanzibar.com/,https://www.openstreetmap.org/node/10284122650
Marumaru hotel,Malindi,Kilifi County,Kenya,A hotel located in Malindi.,Check website,No amenities listed,Unrated,No contact information available,No website available,https://www.openstreetmap.org/node/10873948805
The Neela,Malindi,Kilifi County,Kenya,A hotel located in Malindi.,Check website,No amenities listed,Unrated,"67, Shangani, Zanzibar City",https://neelacollection.com,https://www.openstreetmap.org/node/12129334345
Kholle House,Malindi,Kilifi County,Kenya,A hotel located in Malindi.,Check website,No amenities listed,Unrated,607-608,https://khollehouse.com/,https://www.openstreetmap.org/node/12587724670
Mizingani Seafront Hotel,Malindi,Kilifi County,Kenya,A hotel located in Malindi.,Check website,No amenities listed,Unrated,Mizingani Road,No website available,https://www.openstreetmap.org/node/12959037101
Madinat Al Bahr Business & Spa Hotel,Malindi,Kilifi County,Kenya,A hotel located in Malindi.,Check website,No amenities listed,Unrated,Mbweni Road,No website available,https://www.openstreetmap.org/node/12959085904
Firefly Zanzibar,Malindi,Kilifi County,Kenya,A hotel located in Malindi.,Check website,internet access,Unrated,+255 714 270 348,https://fireflycollection.co.tz/,https://www.openstreetmap.org/node/13031248281
Zanzibar Coffee House,Malindi,Kilifi County,Kenya,A hotel located in Malindi.,Check website,No amenities listed,Unrated,No contact information available,No website available,https://www.openstreetmap.org/node/13377978301
Serena Inn,Malindi,Kilifi County,Kenya,A hotel located in Malindi.,Check website,No amenities listed,Unrated,No contact information available,No website available,https://www.openstreetmap.org/way/346871413
Maru Maru Hotel,Malindi,Kilifi County,Kenya,A hotel located in Malindi.,Check website,internet access,Unrated,"397-400;397 – 400, Gizenga Street, Stone Town;Zanzibar",https://www.marumaruzanzibar.com/,https://www.openstreetmap.org/way/355438874
Tembo House Hotel,Malindi,Kilifi County,Kenya,A hotel located in Malindi.,Check website,"internet access, air conditioning",Unrated,"Shangani Street, Stone Town",https://tembohotel.com/,https://www.openstreetmap.org/way/355715281
Africa House Hotel,Malindi,Kilifi County,Kenya,A hotel located in Malindi.,Check website,No amenities listed,Unrated,+255 24 2233127,http://www.africahousehotel.co.tz,https://www.openstreetmap.org/way/355717471
Maszons Hotel,Malindi,Kilifi County,Kenya,A hotel located in Malindi.,Check website,No amenities listed,Unrated,No contact information available,No website available,https://www.openstreetmap.org/way/355733299
Park Hyatt Zanzibar,Malindi,Kilifi County,Kenya,"A hotel located in Malindi, rated 5 stars.",Check website,"internet access, air conditioning",5-star,"Shangani Street, Stone Town",https://www.hyatt.com/park-hyatt/en-US/znzph-park-hyatt-zanzibar,https://www.openstreetmap.org/way/355775330
Abuso Inn,Malindi,Kilifi County,Kenya,A hotel located in Malindi.,Check website,No amenities listed,Unrated,"Shangani Street, Stone Town",http://www.abusoinn.com,https://www.openstreetmap.org/way/355803092
Sealand Hotel,Malindi,Kilifi County,Kenya,A hotel located in Malindi.,Check website,No amenities listed,Unrated,0772-282020,No website available,https://www.openstreetmap.org/way/378275471
Princess Salme Inn,Malindi,Kilifi County,Kenya,A hotel located in Malindi.,Check website,internet access,Unrated,"Mizingani Road, Stone Town",https://www.princesssalmeinn.com/,https://www.openstreetmap.org/way/378282291
Malindi Boutique Hotel,Malindi,Kilifi County,Kenya,A hotel located in Malindi.,Check website,internet access,Unrated,Stone Town,No website available,https://www.openstreetmap.org/way/378282435
Pyramid Hotel,Malindi,Kilifi County,Kenya,A hotel located in Malindi.,Check website,No amenities listed,Unrated,No contact information available,No website available,https://www.openstreetmap.org/way/378345554
Chumbe Island Coral Park,Malindi,Kilifi County,Kenya,A hotel located in Malindi.,Check website,No amenities listed,Unrated,+255 (0) 777 413 232,https://chumbeisland.com/,https://www.openstreetmap.org/way/745313825
Western Lodge,Kisumu,Kisumu County,Kenya,A hotel located in Kisumu.,Check website,No amenities listed,Unrated,No contact information available,No website available,https://www.openstreetmap.org/node/408800001
Imperial Hotel Express,Kisumu,Kisumu County,Kenya,A hotel located in Kisumu.,Check website,No amenities listed,Unrated,"Oginga Odinga Road, Kisumu",No website available,https://www.openstreetmap.org/node/3834691436
Sooper Guest House,Kisumu,Kisumu County,Kenya,A hotel located in Kisumu.,Check website,No amenities listed,Unrated,"Oginga Odinga Road, Kisumu",No website available,https://www.openstreetmap.org/node/4165420897
Triple Trojan Hotel,Kisumu,Kisumu County,Kenya,A hotel located in Kisumu.,Check website,internet access,Unrated,+254 713 010 677,http://trojanhotel.co.ke,https://www.openstreetmap.org/node/4668670694
Good Samaritan Inn,Kisumu,Kisumu County,Kenya,A hotel located in Kisumu.,Check website,internet access,Unrated,Ondiek Road,No website available,https://www.openstreetmap.org/node/4731890528
New East View,Kisumu,Kisumu County,Kenya,A hotel located in Kisumu.,Check website,No amenities listed,Unrated,"Omolo Agar Road, Kisumu",No website available,https://www.openstreetmap.org/node/5731867021
HAVANNA,Kisumu,Kisumu County,Kenya,A hotel located in Kisumu.,Check website,No amenities listed,Unrated,Kibos Road,No website available,https://www.openstreetmap.org/node/5787614454
Parkview Safari Hotel And Apartments,Kisumu,Kisumu County,Kenya,A hotel located in Kisumu.,Check website,No amenities listed,Unrated,"Harambee Road, Kisumu",No website available,https://www.openstreetmap.org/node/6123274390
Acacia Premier Hotel,Kisumu,Kisumu County,Kenya,A hotel located in Kisumu.,Check website,internet access,Unrated,"Achieng Oneko Road, Kisumu",https://www.acaciapremier.com/,https://www.openstreetmap.org/node/6123274407
Royal City Hotel,Kisumu,Kisumu County,Kenya,A hotel located in Kisumu.,Check website,No amenities listed,Unrated,"Ogada Street, Kisumu",No website available,https://www.openstreetmap.org/node/6130562046
New Victoria Hotel,Kisumu,Kisumu County,Kenya,A hotel located in Kisumu.,Check website,No amenities listed,Unrated,"Ogada Street, Kisumu",No website available,https://www.openstreetmap.org/node/6130562047
Clarice Guest House,Kisumu,Kisumu County,Kenya,A hotel located in Kisumu.,Check website,No amenities listed,Unrated,"Maisha Meds Road, off Awour Otieno Road",https://theclaricehouse.com,https://www.openstreetmap.org/node/6717970209
Theshaplace,Kisumu,Kisumu County,Kenya,A hotel located in Kisumu.,Check website,No amenities listed,Unrated,"Kisumu-Busia Road, Kisumu",No website available,https://www.openstreetmap.org/node/6957422197
Hotel vunduba,Kisumu,Kisumu County,Kenya,A hotel located in Kisumu.,Check website,No amenities listed,Unrated,"Nyerere Road, Kisumu",No website available,https://www.openstreetmap.org/node/6966453731
Victoria Comfort Inn,Kisumu,Kisumu County,Kenya,A hotel located in Kisumu.,Check website,No amenities listed,Unrated,"Bypass Highway, Kisumu",No website available,https://www.openstreetmap.org/node/6966453736
Alcazar,Kisumu,Kisumu County,Kenya,A hotel located in Kisumu.,Check website,No amenities listed,Unrated,"Kakamega Road, Kisumu",No website available,https://www.openstreetmap.org/node/6966453738
Perch,Kisumu,Kisumu County,Kenya,A hotel located in Kisumu.,Check website,No amenities listed,Unrated,"Makasembo Road, Kisumu",No website available,https://www.openstreetmap.org/node/6966453742
Mills View,Kisumu,Kisumu County,Kenya,A hotel located in Kisumu.,Check website,No amenities listed,Unrated,"Achieng Oneko Road, Kisumu",No website available,https://www.openstreetmap.org/node/6966453743
Hotel Dew Church,Kisumu,Kisumu County,Kenya,A hotel located in Kisumu.,Check website,No amenities listed,Unrated,"Ondiek Highway, Kisumu",No website available,https://www.openstreetmap.org/node/6966453749
Polyview,Kisumu,Kisumu County,Kenya,A hotel located in Kisumu.,Check website,No amenities listed,Unrated,"Ondiek Highway, Kisumu",No website available,https://www.openstreetmap.org/node/6966453754
Hotel palmers,Kisumu,Kisumu County,Kenya,A hotel located in Kisumu.,Check website,No amenities listed,Unrated,"Omolo Agar Road, Kisumu",No website available,https://www.openstreetmap.org/node/6966453755
The Vic,Kisumu,Kisumu County,Kenya,A hotel located in Kisumu.,Check website,No amenities listed,Unrated,Kisumu,https://www.thevichotelkisumu.com/,https://www.openstreetmap.org/node/6968751943
Rockwel,Kisumu,Kisumu County,Kenya,A hotel located in Kisumu.,Check website,No amenities listed,Unrated,"Aga Khan Road, Kisumu",No website available,https://www.openstreetmap.org/node/6968751946
Twiga Sunctuary,Kisumu,Kisumu County,Kenya,A hotel located in Kisumu.,Check website,No amenities listed,Unrated,"Aga Khan Road, Kisumu",No website available,https://www.openstreetmap.org/node/6968751947
Family Nest,Kisumu,Kisumu County,Kenya,A hotel located in Kisumu.,Check website,No amenities listed,Unrated,"Awour Otieno Road, Kisumu",No website available,https://www.openstreetmap.org/node/6968751949
Royal City,Kisumu,Kisumu County,Kenya,A hotel located in Kisumu.,Check website,No amenities listed,Unrated,"Nairobi Road, Kisumu",No website available,https://www.openstreetmap.org/node/6969176796
Spice Afrique,Kisumu,Kisumu County,Kenya,A hotel located in Kisumu.,Check website,No amenities listed,Unrated,"Nairobi Road, Kisumu",No website available,https://www.openstreetmap.org/node/6969176802
Wi-Pinje EcoResort,Kisumu,Kisumu County,Kenya,A hotel located in Kisumu.,Check website,No amenities listed,Unrated,"Nairobi Road, Kisumu",No website available,https://www.openstreetmap.org/node/6969176804
Quinten Hotel,Kisumu,Kisumu County,Kenya,A hotel located in Kisumu.,Check website,internet access,Unrated,Kisumu,https://quintenhotel.com/,https://www.openstreetmap.org/node/7023153466
Shalom,Kisumu,Kisumu County,Kenya,A hotel located in Kisumu.,Check website,No amenities listed,Unrated,Kisumu,No website available,https://www.openstreetmap.org/node/7181816822
Ruma Hotel,Kisumu,Kisumu County,Kenya,A hotel located in Kisumu.,Check website,internet access,Unrated,Kisumu,No website available,https://www.openstreetmap.org/node/7181816824
Magos Investment,Kisumu,Kisumu County,Kenya,A hotel located in Kisumu.,Check website,No amenities listed,Unrated,"Kisumu-Busia Road, Kisumu",No website available,https://www.openstreetmap.org/node/7227297574
Whirlspring,Kisumu,Kisumu County,Kenya,A hotel located in Kisumu.,Check website,No amenities listed,Unrated,"Nzoia Road, Kisumu",No website available,https://www.openstreetmap.org/node/7227332088
Victory Ripples,Kisumu,Kisumu County,Kenya,A hotel located in Kisumu.,Check website,No amenities listed,Unrated,"Cairo Road, Kisumu",No website available,https://www.openstreetmap.org/node/7227332090
Museum View,Kisumu,Kisumu County,Kenya,A hotel located in Kisumu.,Check website,No amenities listed,Unrated,"Busia Road, Kisumu",No website available,https://www.openstreetmap.org/node/7227332091
The Roan Garden,Kisumu,Kisumu County,Kenya,A hotel located in Kisumu.,Check website,No amenities listed,Unrated,"Busia Road, Kisumu",No website available,https://www.openstreetmap.org/node/7227332092
Dream house,Kisumu,Kisumu County,Kenya,A hotel located in Kisumu.,Check website,No amenities listed,Unrated,"Aga Khan Road, Kisumu",No website available,https://www.openstreetmap.org/node/7227332093
Summerlake,Kisumu,Kisumu County,Kenya,A hotel located in Kisumu.,Check website,No amenities listed,Unrated,"Ring Road, Kisumu",No website available,https://www.openstreetmap.org/node/7227559250
Kika,Kisumu,Kisumu County,Kenya,A hotel located in Kisumu.,Check website,No amenities listed,Unrated,"Ring Road, Kisumu",No website available,https://www.openstreetmap.org/node/7227559252
Cosy Garden,Kisumu,Kisumu County,Kenya,A hotel located in Kisumu.,Check website,No amenities listed,Unrated,"Ring Road, Kisumu",No website available,https://www.openstreetmap.org/node/7227559254
St. Annes,Kisumu,Kisumu County,Kenya,A hotel located in Kisumu.,Check website,No amenities listed,Unrated,"Ring Road, Kisumu",No website available,https://www.openstreetmap.org/node/7227559255
Vittoria Suites,Kisumu,Kisumu County,Kenya,A hotel located in Kisumu.,Check website,No amenities listed,Unrated,"Ring Road, Kisumu",No website available,https://www.openstreetmap.org/node/7227559256
Poly View,Kisumu,Kisumu County,Kenya,A hotel located in Kisumu.,Check website,No amenities listed,Unrated,Kisumu,No website available,https://www.openstreetmap.org/node/7229869116
The Great Lakes,Kisumu,Kisumu County,Kenya,A hotel located in Kisumu.,Check website,No amenities listed,Unrated,"Ochieng Avenue, Kisumu",No website available,https://www.openstreetmap.org/node/7229869118
Lake Breeze,Kisumu,Kisumu County,Kenya,A hotel located in Kisumu.,Check website,No amenities listed,Unrated,"Bypass Highway, Kisumu",No website available,https://www.openstreetmap.org/node/7229869127
Wigot Gardens,Kisumu,Kisumu County,Kenya,A hotel located in Kisumu.,Check website,No amenities listed,Unrated,Kisumu,No website available,https://www.openstreetmap.org/node/7230512291
Megg's Place,Kisumu,Kisumu County,Kenya,A hotel located in Kisumu.,Check website,No amenities listed,Unrated,"Kisumu -Vihiga Road, Kisumu",No website available,https://www.openstreetmap.org/node/7230512292
Kings Motel,Kisumu,Kisumu County,Kenya,A hotel located in Kisumu.,Check website,No amenities listed,Unrated,"Kisumu-Vihiga Road, Kisumu",No website available,https://www.openstreetmap.org/node/7232815586
Balance Park,Kisumu,Kisumu County,Kenya,A hotel located in Kisumu.,Check website,No amenities listed,Unrated,No contact information available,No website available,https://www.openstreetmap.org/node/7931268002
ukweli pastoral centre,Kisumu,Kisumu County,Kenya,A hotel located in Kisumu.,Check website,No amenities listed,Unrated,Kisumu,No website available,https://www.openstreetmap.org/node/7931268004
Peacock Guest House,Kisumu,Kisumu County,Kenya,A hotel located in Kisumu.,Check website,No amenities listed,Unrated,"Kibos Road, Kisumu",No website available,https://www.openstreetmap.org/node/7931268008
Lila,Kisumu,Kisumu County,Kenya,A hotel located in Kisumu.,Check website,No amenities listed,Unrated,"Kibos Road, Kisumu",No website available,https://www.openstreetmap.org/node/7931268009
Kisumu Travellers,Kisumu,Kisumu County,Kenya,A hotel located in Kisumu.,Check website,No amenities listed,Unrated,"Kakamega Road, Kisumu",No website available,https://www.openstreetmap.org/node/7931268010
Shalom Hotel,Kisumu,Kisumu County,Kenya,A hotel located in Kisumu.,Check website,No amenities listed,Unrated,No contact information available,No website available,https://www.openstreetmap.org/node/8814347874
Tausi Complex Hotel & Love Bar,Kisumu,Kisumu County,Kenya,A hotel located in Kisumu.,Check website,No amenities listed,Unrated,No contact information available,No website available,https://www.openstreetmap.org/node/8814393554
Jumia Hotel Kisumu,Kisumu,Kisumu County,Kenya,A hotel located in Kisumu.,Check website,No amenities listed,Unrated,No contact information available,No website available,https://www.openstreetmap.org/node/8814432835
DewChurch Drive Hotel,Kisumu,Kisumu County,Kenya,A hotel located in Kisumu.,Check website,No amenities listed,Unrated,No contact information available,No website available,https://www.openstreetmap.org/node/8814436033
Joventure Hotel,Kisumu,Kisumu County,Kenya,A hotel located in Kisumu.,Check website,No amenities listed,Unrated,No contact information available,No website available,https://www.openstreetmap.org/node/8817056867
Zambezi Hotel,Kisumu,Kisumu County,Kenya,A hotel located in Kisumu.,Check website,No amenities listed,Unrated,No contact information available,No website available,https://www.openstreetmap.org/node/8820626733
Park Side Hotel,Kisumu,Kisumu County,Kenya,A hotel located in Kisumu.,Check website,No amenities listed,Unrated,No contact information available,No website available,https://www.openstreetmap.org/node/8820859129
Osumo Hotel,Kisumu,Kisumu County,Kenya,A hotel located in Kisumu.,Check website,No amenities listed,Unrated,No contact information available,No website available,https://www.openstreetmap.org/node/8820879678
Kajokong'ang'a Hotel,Kisumu,Kisumu County,Kenya,A hotel located in Kisumu.,Check website,No amenities listed,Unrated,No contact information available,No website available,https://www.openstreetmap.org/node/8820884963
Beach view,Kisumu,Kisumu County,Kenya,A hotel located in Kisumu.,Check website,"internet access, air conditioning",Unrated,No contact information available,No website available,https://www.openstreetmap.org/node/9123876397
DAL INTERNATIONAL,Kisumu,Kisumu County,Kenya,A hotel located in Kisumu.,Check website,No amenities listed,Unrated,Jomo Kenyatta Highway,No website available,https://www.openstreetmap.org/node/9435759217
Jambo Impala Eco Lodge,Kisumu,Kisumu County,Kenya,A hotel located in Kisumu.,Check website,No amenities listed,Unrated,No contact information available,No website available,https://www.openstreetmap.org/node/10648438465
Naselika,Kisumu,Kisumu County,Kenya,A hotel located in Kisumu.,Check website,No amenities listed,Unrated,No contact information available,No website available,https://www.openstreetmap.org/node/10796862104
Hotel ventacone,Kisumu,Kisumu County,Kenya,A hotel located in Kisumu.,Check website,No amenities listed,Unrated,No contact information available,No website available,https://www.openstreetmap.org/node/10933997349
Hotel villa nelly,Kisumu,Kisumu County,Kenya,A hotel located in Kisumu.,Check website,No amenities listed,Unrated,No contact information available,No website available,https://www.openstreetmap.org/node/11041880766
Silverwoods Hotel,Kisumu,Kisumu County,Kenya,A hotel located in Kisumu.,Check website,internet access,Unrated,No contact information available,No website available,https://www.openstreetmap.org/node/11958898569
Harry's Kisumu Oasis,Kisumu,Kisumu County,Kenya,A hotel located in Kisumu.,Check website,internet access,Unrated,Impala Way,No website available,https://www.openstreetmap.org/node/12252879101
Royal City Hotel - Garden,Kisumu,Kisumu County,Kenya,A hotel located in Kisumu.,Check website,No amenities listed,Unrated,No contact information available,No website available,https://www.openstreetmap.org/node/12817662901
Fairways Hotel,Kisumu,Kisumu County,Kenya,A hotel located in Kisumu.,Check website,No amenities listed,Unrated,No contact information available,No website available,https://www.openstreetmap.org/node/13134975577
Crescent beach hotel,Kisumu,Kisumu County,Kenya,A hotel located in Kisumu.,Check website,No amenities listed,Unrated,No contact information available,No website available,https://www.openstreetmap.org/node/13470894172
Balmoral beach hotel,Kisumu,Kisumu County,Kenya,A hotel located in Kisumu.,Check website,No amenities listed,Unrated,No contact information available,No website available,https://www.openstreetmap.org/node/13470894173
Poly View Hotel,Kisumu,Kisumu County,Kenya,"A hotel located in Kisumu, rated 7 stars.",Check website,internet access,7-star,+254722863729,No website available,https://www.openstreetmap.org/way/225902803
Sarova Imperial Hotel,Kisumu,Kisumu County,Kenya,A hotel located in Kisumu.,Check website,internet access,Unrated,"Achieng' Oneko Road, Kisumu",https://www.sarovahotels.com/imperial-kisumu/,https://www.openstreetmap.org/way/262021221
Le Sourvain suites,Kisumu,Kisumu County,Kenya,A hotel located in Kisumu.,Check website,internet access,Unrated,"Lolwe Drive, Kisumu",https://sovereignhotel.co.ke,https://www.openstreetmap.org/way/284660690
The Duke of Breeze,Kisumu,Kisumu County,Kenya,A hotel located in Kisumu.,Check website,No amenities listed,Unrated,No contact information available,http://www.thedukeofbreeze.com/,https://www.openstreetmap.org/way/319947296
Sunset Hotel Ltd.,Kisumu,Kisumu County,Kenya,A hotel located in Kisumu.,Check website,No amenities listed,Unrated,No contact information available,https://sunsethotel.co.ke/,https://www.openstreetmap.org/way/328257599
Miriam House,Kisumu,Kisumu County,Kenya,A hotel located in Kisumu.,Check website,No amenities listed,Unrated,No contact information available,No website available,https://www.openstreetmap.org/way/390104573
Kiboko Bay Resort,Kisumu,Kisumu County,Kenya,A hotel located in Kisumu.,Check website,No amenities listed,Unrated,No contact information available,No website available,https://www.openstreetmap.org/way/395669397
Hotel 25,Kisumu,Kisumu County,Kenya,A hotel located in Kisumu.,Check website,No amenities listed,Unrated,No contact information available,No website available,https://www.openstreetmap.org/way/731273463
Hôtel Prinias,Kisumu,Kisumu County,Kenya,A hotel located in Kisumu.,Check website,No amenities listed,Unrated,No contact information available,No website available,https://www.openstreetmap.org/way/773856108
Amsterdam hotel-Kisumu,Kisumu,Kisumu County,Kenya,A hotel located in Kisumu.,Check website,No amenities listed,Unrated,No contact information available,No website available,https://www.openstreetmap.org/way/837046876
Mama Annah Hotel,Kisumu,Kisumu County,Kenya,A hotel located in Kisumu.,Check website,No amenities listed,Unrated,No contact information available,No website available,https://www.openstreetmap.org/way/837046879
Ray Green,Kisumu,Kisumu County,Kenya,A hotel located in Kisumu.,Check website,No amenities listed,Unrated,"Nairobi Road, Kisumu",No website available,https://www.openstreetmap.org/way/1070110791
Got Acara Center,Kisumu,Kisumu County,Kenya,A hotel located in Kisumu.,Check website,No amenities listed,Unrated,No contact information available,No website available,https://www.openstreetmap.org/way/1117434542
The Grand Royal Swiss Hotels,Kisumu,Kisumu County,Kenya,A hotel located in Kisumu.,Check website,No amenities listed,Unrated,No contact information available,https://grandroyalswisshotel.com,https://www.openstreetmap.org/way/1117468942
silver swan hotel,Kisumu,Kisumu County,Kenya,A hotel located in Kisumu.,Check website,No amenities listed,Unrated,No contact information available,No website available,https://www.openstreetmap.org/way/1118288381
Geneva Christian Guest House,Kisumu,Kisumu County,Kenya,A hotel located in Kisumu.,Check website,No amenities listed,Unrated,No contact information available,No website available,https://www.openstreetmap.org/way/1121244734
Dubai Complex,Kisumu,Kisumu County,Kenya,A hotel located in Kisumu.,Check website,No amenities listed,Unrated,No contact information available,No website available,https://www.openstreetmap.org/way/1132406181
Hotel Riversand,Kisumu,Kisumu County,Kenya,A hotel located in Kisumu.,Check website,No amenities listed,Unrated,No contact information available,No website available,https://www.openstreetmap.org/way/1177849524
Best Western,Kisumu,Kisumu County,Kenya,A hotel located in Kisumu.,Check website,No amenities listed,Unrated,No contact information available,https://www.bestwestern.com/en_US/book/hotels-in-kisumu/best-western-kisumu-hotel/propertyCode.75160.html,https://www.openstreetmap.org/way/1188510029
Rock Motel,Kisumu,Kisumu County,Kenya,A hotel located in Kisumu.,Check website,No amenities listed,Unrated,"Kisumu-Busia Road, Kisumu",No website available,https://www.openstreetmap.org/way/1219987371
Sunsail,Lamu,Lamu County,Kenya,A hotel located in Lamu.,Check website,No amenities listed,Unrated,No contact information available,No website available,https://www.openstreetmap.org/node/612932025
Yumbe House,Lamu,Lamu County,Kenya,A hotel located in Lamu.,Check website,No amenities listed,Unrated,Lamu,No website available,https://www.openstreetmap.org/node/1330730051
Majlis,Lamu,Lamu County,Kenya,A hotel located in Lamu.,Check website,No amenities listed,Unrated,No contact information available,No website available,https://www.openstreetmap.org/node/1330730062
Bahari,Lamu,Lamu County,Kenya,A hotel located in Lamu.,Check website,No amenities listed,Unrated,No contact information available,No website available,https://www.openstreetmap.org/node/1330730080
Peponi House,Lamu,Lamu County,Kenya,A hotel located in Lamu.,Check website,No amenities listed,Unrated,"Corniche Path, Shela",No website available,https://www.openstreetmap.org/node/2078489512
Jannalaan Hotel,Lamu,Lamu County,Kenya,A hotel located in Lamu.,Check website,No amenities listed,Unrated,No contact information available,No website available,https://www.openstreetmap.org/node/2609929240
Peponi Hotel,Lamu,Lamu County,Kenya,A hotel located in Lamu.,Check website,No amenities listed,Unrated,No contact information available,No website available,https://www.openstreetmap.org/node/2610951913
Hotel Archipelago villa bed and breakfast,Lamu,Lamu County,Kenya,A hotel located in Lamu.,Check website,No amenities listed,Unrated,No contact information available,No website available,https://www.openstreetmap.org/node/2618414049
Palace hotel,Lamu,Lamu County,Kenya,A hotel located in Lamu.,Check website,internet access,Unrated,No contact information available,No website available,https://www.openstreetmap.org/node/2618414058
Hanley house,Lamu,Lamu County,Kenya,A hotel located in Lamu.,Check website,No amenities listed,Unrated,No contact information available,No website available,https://www.openstreetmap.org/node/2618692964
Dhow house,Lamu,Lamu County,Kenya,A hotel located in Lamu.,Check website,No amenities listed,Unrated,No contact information available,No website available,https://www.openstreetmap.org/node/2628654160
Yumbe Villa,Lamu,Lamu County,Kenya,A hotel located in Lamu.,Check website,No amenities listed,Unrated,No contact information available,No website available,https://www.openstreetmap.org/node/4208521590
The Red Pepper House hotel,Lamu,Lamu County,Kenya,A hotel located in Lamu.,Check website,No amenities listed,Unrated,Lamu,No website available,https://www.openstreetmap.org/node/4745483718
Kizingo eco-hotel,Lamu,Lamu County,Kenya,A hotel located in Lamu.,Check website,No amenities listed,Unrated,No contact information available,No website available,https://www.openstreetmap.org/node/4745484103
Kizingoni Beach Resort,Lamu,Lamu County,Kenya,A hotel located in Lamu.,Check website,No amenities listed,Unrated,No contact information available,No website available,https://www.openstreetmap.org/node/4745484109
Petleys Inn,Lamu,Lamu County,Kenya,A hotel located in Lamu.,Check website,No amenities listed,Unrated,Lamu,No website available,https://www.openstreetmap.org/node/4839614233
Shela Bahari,Lamu,Lamu County,Kenya,A hotel located in Lamu.,Check website,No amenities listed,Unrated,Lamu,No website available,https://www.openstreetmap.org/node/6785929481
Lamu House,Lamu,Lamu County,Kenya,A hotel located in Lamu.,Check website,No amenities listed,Unrated,"Corniche path, Lamu",No website available,https://www.openstreetmap.org/node/6790247968
Stop Over Guest House,Lamu,Lamu County,Kenya,A hotel located in Lamu.,Check website,No amenities listed,Unrated,"Corniche Path, Lamu",No website available,https://www.openstreetmap.org/node/6790247969
Jannataan Hotel,Lamu,Lamu County,Kenya,A hotel located in Lamu.,Check website,No amenities listed,Unrated,Shela,No website available,https://www.openstreetmap.org/node/6790509082
Samaki house,Lamu,Lamu County,Kenya,A hotel located in Lamu.,Check website,No amenities listed,Unrated,No contact information available,No website available,https://www.openstreetmap.org/node/10002292324
Lamu House Hotel,Lamu,Lamu County,Kenya,A hotel located in Lamu.,Check website,No amenities listed,Unrated,No contact information available,No website available,https://www.openstreetmap.org/way/197699862
Kijani hotel,Lamu,Lamu County,Kenya,A hotel located in Lamu.,Check website,internet access,Unrated,"Corniche Path, Lamu",https://kijani-lamu.com/,https://www.openstreetmap.org/way/256183088
Blue Bay Beach Resort,Zanzibar,Zanzibar,Tanzania,A hotel located in Zanzibar.,Check website,No amenities listed,Unrated,No contact information available,No website available,https://www.openstreetmap.org/node/31553369
La Villa,Zanzibar,Zanzibar,Tanzania,A hotel located in Zanzibar.,Check website,No amenities listed,Unrated,No contact information available,No website available,https://www.openstreetmap.org/node/31553370
Mtoni Marine Hotel,Zanzibar,Zanzibar,Tanzania,A hotel located in Zanzibar.,Check website,No amenities listed,Unrated,No contact information available,No website available,https://www.openstreetmap.org/node/31571560
Sea Cliff Resort & Spa,Zanzibar,Zanzibar,Tanzania,A hotel located in Zanzibar.,Check website,internet access,Unrated,Mangapwani,http://www.seacliffzanzibar.com,https://www.openstreetmap.org/node/2615308078
Paradise Beach Hotel Resort,Zanzibar,Zanzibar,Tanzania,"A hotel located in Zanzibar, rated 4 stars.",Check website,internet access,4-star,+255 687 661 299,http://paradisebeachresort.com/,https://www.openstreetmap.org/node/4319922392
Palumbo Reef,Zanzibar,Zanzibar,Tanzania,A hotel located in Zanzibar.,Check website,No amenities listed,Unrated,No contact information available,No website available,https://www.openstreetmap.org/node/5254518827
Mvuvi Resort & Restaurant,Zanzibar,Zanzibar,Tanzania,A hotel located in Zanzibar.,Check website,No amenities listed,Unrated,No contact information available,No website available,https://www.openstreetmap.org/node/5466990221
Pongwe Beach Hotel,Zanzibar,Zanzibar,Tanzania,A hotel located in Zanzibar.,Check website,"internet access, swimming pool, air conditioning",Unrated,No contact information available,https://pongwe.com/,https://www.openstreetmap.org/node/5919213334
Hotel Elegant Zanzibar,Zanzibar,Zanzibar,Tanzania,A hotel located in Zanzibar.,Check website,internet access,Unrated,"Marumbi, Zanzibar",No website available,https://www.openstreetmap.org/node/6274093009
Amani residential Hotel,Zanzibar,Zanzibar,Tanzania,A hotel located in Zanzibar.,Check website,No amenities listed,Unrated,No contact information available,No website available,https://www.openstreetmap.org/node/6761454415
resteurant,Zanzibar,Zanzibar,Tanzania,A hotel located in Zanzibar.,Check website,No amenities listed,Unrated,No contact information available,No website available,https://www.openstreetmap.org/node/6771563315
Mama Ntilie,Zanzibar,Zanzibar,Tanzania,A hotel located in Zanzibar.,Check website,No amenities listed,Unrated,No contact information available,No website available,https://www.openstreetmap.org/node/6777285982
Maruhubi Beach Villas,Zanzibar,Zanzibar,Tanzania,A hotel located in Zanzibar.,Check website,No amenities listed,Unrated,No contact information available,No website available,https://www.openstreetmap.org/node/6779016833
Marabuh villas beach,Zanzibar,Zanzibar,Tanzania,A hotel located in Zanzibar.,Check website,No amenities listed,Unrated,No contact information available,No website available,https://www.openstreetmap.org/node/7101577385
Marubuhi beach villa,Zanzibar,Zanzibar,Tanzania,A hotel located in Zanzibar.,Check website,No amenities listed,Unrated,No contact information available,No website available,https://www.openstreetmap.org/node/7108530285
Coconat village beach resort,Zanzibar,Zanzibar,Tanzania,A hotel located in Zanzibar.,Check website,No amenities listed,Unrated,No contact information available,No website available,https://www.openstreetmap.org/node/7113791285
White Paradise Zanzibar,Zanzibar,Zanzibar,Tanzania,A hotel located in Zanzibar.,Check website,No amenities listed,Unrated,No contact information available,No website available,https://www.openstreetmap.org/node/7234999488
Abla Hotel,Zanzibar,Zanzibar,Tanzania,A hotel located in Zanzibar.,Check website,No amenities listed,Unrated,No contact information available,No website available,https://www.openstreetmap.org/node/8277226817
Santa Maria Coral Park,Zanzibar,Zanzibar,Tanzania,A hotel located in Zanzibar.,Check website,No amenities listed,Unrated,No contact information available,http://www.santamaria-zanzibar.com/,https://www.openstreetmap.org/node/9067851140
Z-Lodge Zanzibar,Zanzibar,Zanzibar,Tanzania,A hotel located in Zanzibar.,Check website,internet access,Unrated,Kiwengwa,https://www.booking.com/hotel/tz/z-lodge-zanzibar,https://www.openstreetmap.org/node/9449528421
Destiny,Zanzibar,Zanzibar,Tanzania,A hotel located in Zanzibar.,Check website,internet access,Unrated,Off Uroa Road Marumbi,No website available,https://www.openstreetmap.org/node/9504388317
Lulu Bungalows Kiwengwa,Zanzibar,Zanzibar,Tanzania,A hotel located in Zanzibar.,Check website,internet access,Unrated,+255747247656,https://instagram.com/lulu_bungalows?igshid=YmMyMTA2M2Y=,https://www.openstreetmap.org/node/10564490409
AVO Boutique Hotel,Zanzibar,Zanzibar,Tanzania,A hotel located in Zanzibar.,Check website,internet access,Unrated,+255 772 457 044,https://avohotelznz.com/,https://www.openstreetmap.org/node/10655504558
Golden Tulip,Zanzibar,Zanzibar,Tanzania,A hotel located in Zanzibar.,Check website,No amenities listed,Unrated,No contact information available,No website available,https://www.openstreetmap.org/node/10847123686
The Island Pongwe Lodge,Zanzibar,Zanzibar,Tanzania,A hotel located in Zanzibar.,Check website,No amenities listed,Unrated,+255774651988,https://www.theislandpongwe.com/,https://www.openstreetmap.org/node/11611478280
Zanbluu Beach Hotel,Zanzibar,Zanzibar,Tanzania,A hotel located in Zanzibar.,Check website,internet access,Unrated,"Plot No 108, Kiwengwa",https://www.zanbluu.com/,https://www.openstreetmap.org/node/12271121648
Marafiki Bungalows,Zanzibar,Zanzibar,Tanzania,A hotel located in Zanzibar.,Check website,internet access,Unrated,+255 7777 999 47,http://marafikizanzibar.com/en/,https://www.openstreetmap.org/node/12271131918
Zanzibar Bay Resort,Zanzibar,Zanzibar,Tanzania,A hotel located in Zanzibar.,Check website,No amenities listed,Unrated,No contact information available,No website available,https://www.openstreetmap.org/node/13151063684
VOI Kiwengwa Resort,Zanzibar,Zanzibar,Tanzania,A hotel located in Zanzibar.,Check website,No amenities listed,Unrated,+255 774 414 351,https://voihotels.com/en/hotels/voi-kiwengwa-resort/hotel,https://www.openstreetmap.org/way/395583074
Kiwengwa Beach Resort,Zanzibar,Zanzibar,Tanzania,A hotel located in Zanzibar.,Check website,No amenities listed,Unrated,No contact information available,No website available,https://www.openstreetmap.org/way/543328602
Tulia Zanzibar Unique Beach Resort,Zanzibar,Zanzibar,Tanzania,"A hotel located in Zanzibar, rated 5 stars.",Check website,internet access,5-star,Pongwe,https://www.tuliazanzibar.com/,https://www.openstreetmap.org/way/626906233
Coral Bay Hotel,Zanzibar,Zanzibar,Tanzania,A hotel located in Zanzibar.,Check website,internet access,Unrated,+255 744502244,https://www.coralbayzanzibar.com/,https://www.openstreetmap.org/way/841607012
Pongwe Bay Resort,Zanzibar,Zanzibar,Tanzania,A hotel located in Zanzibar.,Check website,internet access,Unrated,No contact information available,https://pongwebayresort.co/,https://www.openstreetmap.org/way/870923079
Citylink Hotel,Arusha,Arusha Region,Tanzania,A hotel located in Arusha.,Check website,No amenities listed,Unrated,Arusha,No website available,https://www.openstreetmap.org/node/282580864
Indian restaurant,Arusha,Arusha Region,Tanzania,A hotel located in Arusha.,Check website,No amenities listed,Unrated,Arusha,No website available,https://www.openstreetmap.org/node/282580869
Le Jacaranda,Arusha,Arusha Region,Tanzania,A hotel located in Arusha.,Check website,No amenities listed,Unrated,No contact information available,No website available,https://www.openstreetmap.org/node/282580878
L'Oasis,Arusha,Arusha Region,Tanzania,"A hotel located in Arusha, rated 4 stars.",Check website,No amenities listed,4-star,Arusha,No website available,https://www.openstreetmap.org/node/478750828
Lush Garden Hotel,Arusha,Arusha Region,Tanzania,A hotel located in Arusha.,Check website,No amenities listed,Unrated,+255787884466,https://lushgardenhotels.co.tz/,https://www.openstreetmap.org/node/534199842
Freedom Lodge,Arusha,Arusha Region,Tanzania,A hotel located in Arusha.,Check website,No amenities listed,Unrated,No contact information available,No website available,https://www.openstreetmap.org/node/534359957
Naaz Hotel & Restauarant,Arusha,Arusha Region,Tanzania,A hotel located in Arusha.,Check website,No amenities listed,Unrated,No contact information available,No website available,https://www.openstreetmap.org/node/561205943
The Charity Hotel,Arusha,Arusha Region,Tanzania,A hotel located in Arusha.,Check website,No amenities listed,Unrated,No contact information available,No website available,https://www.openstreetmap.org/node/566549298
Arusha Coffee Lodge,Arusha,Arusha Region,Tanzania,A hotel located in Arusha.,Check website,internet access,Unrated,Arusha,https://www.elewanacollection.com/,https://www.openstreetmap.org/node/568978608
Snow Crest Hotel,Arusha,Arusha Region,Tanzania,A hotel located in Arusha.,Check website,No amenities listed,Unrated,No contact information available,No website available,https://www.openstreetmap.org/node/579564843
The East African Hotel All Suites,Arusha,Arusha Region,Tanzania,"A hotel located in Arusha, rated 4 stars.",Check website,No amenities listed,4-star,No contact information available,No website available,https://www.openstreetmap.org/node/626312351
Club Afriko,Arusha,Arusha Region,Tanzania,A hotel located in Arusha.,Check website,No amenities listed,Unrated,No contact information available,No website available,https://www.openstreetmap.org/node/651842556
Onsea House,Arusha,Arusha Region,Tanzania,"A hotel located in Arusha, rated 4 stars.",Check website,No amenities listed,4-star,No contact information available,No website available,https://www.openstreetmap.org/node/662756840
Kigongoni Lodge,Arusha,Arusha Region,Tanzania,"A hotel located in Arusha, rated 4 stars.",Check website,No amenities listed,4-star,"Kigongoni road, Arusha",www.kigongoni.net,https://www.openstreetmap.org/node/662756938
Karama Lodge & Spa,Arusha,Arusha Region,Tanzania,A hotel located in Arusha.,Check website,internet access,Unrated,+255 754 475 188,www.karama-lodge.com,https://www.openstreetmap.org/node/758990546
Naura Springs Hotel,Arusha,Arusha Region,Tanzania,"A hotel located in Arusha, rated 4 stars.",Check website,No amenities listed,4-star,No contact information available,No website available,https://www.openstreetmap.org/node/797894109
Bay Leaf,Arusha,Arusha Region,Tanzania,A hotel located in Arusha.,Check website,No amenities listed,Unrated,No contact information available,No website available,https://www.openstreetmap.org/node/849872071
Jevas Hotel,Arusha,Arusha Region,Tanzania,A hotel located in Arusha.,Check website,No amenities listed,Unrated,No contact information available,No website available,https://www.openstreetmap.org/node/1292016210
Davos Hotel,Arusha,Arusha Region,Tanzania,A hotel located in Arusha.,Check website,No amenities listed,Unrated,No contact information available,No website available,https://www.openstreetmap.org/node/1372126659
Ahadi Lodge,Arusha,Arusha Region,Tanzania,A hotel located in Arusha.,Check website,No amenities listed,Unrated,No contact information available,No website available,https://www.openstreetmap.org/node/2117347729
Tanzanite City Park Lodge,Arusha,Arusha Region,Tanzania,A hotel located in Arusha.,Check website,No amenities listed,Unrated,No contact information available,No website available,https://www.openstreetmap.org/node/2552018094
Meru House Inn,Arusha,Arusha Region,Tanzania,A hotel located in Arusha.,Check website,internet access,Unrated,+255754037819,No website available,https://www.openstreetmap.org/node/4267888889
Arusha Centre Tourist Inn,Arusha,Arusha Region,Tanzania,A hotel located in Arusha.,Check website,internet access,Unrated,No contact information available,No website available,https://www.openstreetmap.org/node/4294349492
White House,Arusha,Arusha Region,Tanzania,A hotel located in Arusha.,Check website,No amenities listed,Unrated,Fire Sinone,No website available,https://www.openstreetmap.org/node/4391202490
Lush Garden Business Hotel,Arusha,Arusha Region,Tanzania,A hotel located in Arusha.,Check website,No amenities listed,Unrated,Arusha,No website available,https://www.openstreetmap.org/node/4455627569
Olasiti Lodge,Arusha,Arusha Region,Tanzania,A hotel located in Arusha.,Check website,internet access,Unrated,No contact information available,No website available,https://www.openstreetmap.org/node/4827775622
Arusha Crown Hotel,Arusha,Arusha Region,Tanzania,A hotel located in Arusha.,Check website,internet access,Unrated,No contact information available,https://www.arushacrownhotel.com/,https://www.openstreetmap.org/node/5321438321
Saleka Guest House,Arusha,Arusha Region,Tanzania,A hotel located in Arusha.,Check website,No amenities listed,Unrated,No contact information available,No website available,https://www.openstreetmap.org/node/5453401521
Venice Hotel,Arusha,Arusha Region,Tanzania,A hotel located in Arusha.,Check website,internet access,Unrated,+255 742 856 357,https://www.venicehotel.co.tz/,https://www.openstreetmap.org/node/5577322412
Imful,Arusha,Arusha Region,Tanzania,A hotel located in Arusha.,Check website,No amenities listed,Unrated,No contact information available,No website available,https://www.openstreetmap.org/node/5626130821
Green leaf lodge,Arusha,Arusha Region,Tanzania,A hotel located in Arusha.,Check website,No amenities listed,Unrated,No contact information available,No website available,https://www.openstreetmap.org/node/5645946323
Arusha Tourist Inn,Arusha,Arusha Region,Tanzania,A hotel located in Arusha.,Check website,No amenities listed,Unrated,No contact information available,No website available,https://www.openstreetmap.org/node/5898471480
New Annex Hotel,Arusha,Arusha Region,Tanzania,A hotel located in Arusha.,Check website,No amenities listed,Unrated,No contact information available,No website available,https://www.openstreetmap.org/node/5907479692
7 11 Hotel,Arusha,Arusha Region,Tanzania,A hotel located in Arusha.,Check website,No amenities listed,Unrated,No contact information available,No website available,https://www.openstreetmap.org/node/6243860289
A1 Hotel and Resort,Arusha,Arusha Region,Tanzania,A hotel located in Arusha.,Check website,internet access,Unrated,+255 765 061 525,http://www.a1hotelandresort.co.tz/,https://www.openstreetmap.org/node/6357632614
Mrimba Palm Hotel,Arusha,Arusha Region,Tanzania,A hotel located in Arusha.,Check website,"internet access, air conditioning",Unrated,"Njiro Road, Arusha",No website available,https://www.openstreetmap.org/node/6609223013
Golden rose,Arusha,Arusha Region,Tanzania,A hotel located in Arusha.,Check website,No amenities listed,Unrated,No contact information available,No website available,https://www.openstreetmap.org/node/6804959485
Njiro Climax Resort Hotel,Arusha,Arusha Region,Tanzania,A hotel located in Arusha.,Check website,internet access,Unrated,Njiro Road,http://www.climaxresort.com,https://www.openstreetmap.org/node/6943966285
Gran Meliá Arusha,Arusha,Arusha Region,Tanzania,A hotel located in Arusha.,Check website,No amenities listed,Unrated,"Simeon Road, Arusha",No website available,https://www.openstreetmap.org/node/7672348049
Class Hall 4A&B (CH4A&B),Arusha,Arusha Region,Tanzania,A hotel located in Arusha.,Check website,No amenities listed,Unrated,No contact information available,No website available,https://www.openstreetmap.org/node/8227285018
Moon Shine Hotel,Arusha,Arusha Region,Tanzania,A hotel located in Arusha.,Check website,No amenities listed,Unrated,No contact information available,No website available,https://www.openstreetmap.org/node/8435396017
Hotel,Arusha,Arusha Region,Tanzania,A hotel located in Arusha.,Check website,No amenities listed,Unrated,No contact information available,No website available,https://www.openstreetmap.org/node/8533251323
"Paris guest house 10.000ts clean room, toilet out",Arusha,Arusha Region,Tanzania,A hotel located in Arusha.,Check website,No amenities listed,Unrated,No contact information available,No website available,https://www.openstreetmap.org/node/8710171618
Canteen,Arusha,Arusha Region,Tanzania,A hotel located in Arusha.,Check website,No amenities listed,Unrated,No contact information available,No website available,https://www.openstreetmap.org/node/8863417917
African Grand Hotel,Arusha,Arusha Region,Tanzania,A hotel located in Arusha.,Check website,No amenities listed,Unrated,No contact information available,No website available,https://www.openstreetmap.org/node/9557264217
Korona Villa Hotel,Arusha,Arusha Region,Tanzania,A hotel located in Arusha.,Check website,No amenities listed,Unrated,Njiro Road,https://koronavilla.com/,https://www.openstreetmap.org/node/9702949377
Fun Retreat Resort,Arusha,Arusha Region,Tanzania,A hotel located in Arusha.,Check website,No amenities listed,Unrated,No contact information available,No website available,https://www.openstreetmap.org/node/9889584573
Fun Retreat Resort Hotel,Arusha,Arusha Region,Tanzania,A hotel located in Arusha.,Check website,No amenities listed,Unrated,No contact information available,No website available,https://www.openstreetmap.org/node/9889598025
Njiro Ebenezer Retreat Lodge,Arusha,Arusha Region,Tanzania,A hotel located in Arusha.,Check website,No amenities listed,Unrated,No contact information available,No website available,https://www.openstreetmap.org/node/9922486434
Lake Duluti Lodge,Arusha,Arusha Region,Tanzania,A hotel located in Arusha.,Check website,No amenities listed,Unrated,Tengeru Rd,https://www.lakedulutilodge.com/,https://www.openstreetmap.org/node/10076315017
Tulia Retreat Hotel,Arusha,Arusha Region,Tanzania,A hotel located in Arusha.,Check website,internet access,Unrated,No contact information available,No website available,https://www.openstreetmap.org/node/10087418919
Senator Hotel,Arusha,Arusha Region,Tanzania,A hotel located in Arusha.,Check website,internet access,Unrated,No contact information available,No website available,https://www.openstreetmap.org/node/10139131517
Pazuri Inn Lodge,Arusha,Arusha Region,Tanzania,A hotel located in Arusha.,Check website,"internet access, air conditioning",Unrated,Kisongo,https://pazuriinn.com,https://www.openstreetmap.org/node/10611433935
Green Mountain Hotel,Arusha,Arusha Region,Tanzania,A hotel located in Arusha.,Check website,internet access,Unrated,No contact information available,https://www.greenmountainhotel.co.tz,https://www.openstreetmap.org/node/10862247622
Hotel Pallsons,Arusha,Arusha Region,Tanzania,A hotel located in Arusha.,Check website,No amenities listed,Unrated,No contact information available,No website available,https://www.openstreetmap.org/node/10862630092
Stereo Hotel,Arusha,Arusha Region,Tanzania,A hotel located in Arusha.,Check website,No amenities listed,Unrated,No contact information available,No website available,https://www.openstreetmap.org/node/11212240238
Greenside Hotel Arusha,Arusha,Arusha Region,Tanzania,A hotel located in Arusha.,Check website,internet access,Unrated,Nelson Mandela Road,No website available,https://www.openstreetmap.org/node/12265515101
Arusha Villa,Arusha,Arusha Region,Tanzania,A hotel located in Arusha.,Check website,internet access,Unrated,+255 784 356 225,https://arushavilla.co.tz/,https://www.openstreetmap.org/node/12270975666
Njiro Legacy,Arusha,Arusha Region,Tanzania,A hotel located in Arusha.,Check website,No amenities listed,Unrated,No contact information available,No website available,https://www.openstreetmap.org/node/12855091089
Serengeti Villa,Arusha,Arusha Region,Tanzania,A hotel located in Arusha.,Check website,No amenities listed,Unrated,No contact information available,No website available,https://www.openstreetmap.org/node/13255857437
GMV Lodge,Arusha,Arusha Region,Tanzania,A hotel located in Arusha.,Check website,No amenities listed,Unrated,No contact information available,No website available,https://www.openstreetmap.org/node/13421546610
Nature Tree Lodge,Arusha,Arusha Region,Tanzania,A hotel located in Arusha.,Check website,No amenities listed,Unrated,No contact information available,No website available,https://www.openstreetmap.org/node/13569372375
Osim Bnb,Arusha,Arusha Region,Tanzania,A hotel located in Arusha.,Check website,No amenities listed,Unrated,Sepeko Street,No website available,https://www.openstreetmap.org/node/13732301810
Forest Hill Hotel,Arusha,Arusha Region,Tanzania,A hotel located in Arusha.,Check website,"internet access, swimming pool",Unrated,No contact information available,No website available,https://www.openstreetmap.org/node/13911775922
Hotel Equator,Arusha,Arusha Region,Tanzania,"A hotel located in Arusha, rated 3 stars.",Check website,internet access,3-star,"Boma Road, Arusha",https://www.equator-hotel.com/,https://www.openstreetmap.org/way/241923900
AM Hotel,Arusha,Arusha Region,Tanzania,A hotel located in Arusha.,Check website,No amenities listed,Unrated,No contact information available,No website available,https://www.openstreetmap.org/way/244652450
Hotel Flamingo,Arusha,Arusha Region,Tanzania,A hotel located in Arusha.,Check website,No amenities listed,Unrated,No contact information available,No website available,https://www.openstreetmap.org/way/244654428
Natron Palace Hotel,Arusha,Arusha Region,Tanzania,A hotel located in Arusha.,Check website,No amenities listed,Unrated,No contact information available,No website available,https://www.openstreetmap.org/way/244654659
Aquiline Hotel,Arusha,Arusha Region,Tanzania,A hotel located in Arusha.,Check website,No amenities listed,Unrated,No contact information available,No website available,https://www.openstreetmap.org/way/244654859
Kibo Palace Hotel,Arusha,Arusha Region,Tanzania,A hotel located in Arusha.,Check website,No amenities listed,Unrated,No contact information available,No website available,https://www.openstreetmap.org/way/247916207
Impala Hotel Arusha,Arusha,Arusha Region,Tanzania,A hotel located in Arusha.,Check website,No amenities listed,Unrated,No contact information available,No website available,https://www.openstreetmap.org/way/247916359
Briston Hotel,Arusha,Arusha Region,Tanzania,A hotel located in Arusha.,Check website,No amenities listed,Unrated,No contact information available,No website available,https://www.openstreetmap.org/way/248817384
Arusha Backpackers,Arusha,Arusha Region,Tanzania,A hotel located in Arusha.,Check website,internet access,Unrated,Sokoine Road,http://www.arushabackpackers.co.tz/,https://www.openstreetmap.org/way/249081777
African Tulip,Arusha,Arusha Region,Tanzania,A hotel located in Arusha.,Check website,No amenities listed,Unrated,No contact information available,No website available,https://www.openstreetmap.org/way/253031860
La Bella Luna Hotel,Arusha,Arusha Region,Tanzania,A hotel located in Arusha.,Check website,No amenities listed,Unrated,No contact information available,No website available,https://www.openstreetmap.org/way/281256022
Gold Crest Hotel,Arusha,Arusha Region,Tanzania,A hotel located in Arusha.,Check website,No amenities listed,Unrated,+255 677 014 957; +255 677 014 958,No website available,https://www.openstreetmap.org/way/311749829
ARUSHA HOTEL,Arusha,Arusha Region,Tanzania,A hotel located in Arusha.,Check website,internet access,Unrated,No contact information available,No website available,https://www.openstreetmap.org/way/311750756
New Safari Hotel,Arusha,Arusha Region,Tanzania,A hotel located in Arusha.,Check website,No amenities listed,Unrated,No contact information available,No website available,https://www.openstreetmap.org/way/311755303
Palace Hotel,Arusha,Arusha Region,Tanzania,A hotel located in Arusha.,Check website,No amenities listed,Unrated,No contact information available,No website available,https://www.openstreetmap.org/way/311755621
Mountain Village Hotel,Arusha,Arusha Region,Tanzania,A hotel located in Arusha.,Check website,No amenities listed,Unrated,No contact information available,No website available,https://www.openstreetmap.org/way/312452318
Moivaro Coffee Lodge,Arusha,Arusha Region,Tanzania,A hotel located in Arusha.,Check website,No amenities listed,Unrated,No contact information available,No website available,https://www.openstreetmap.org/way/312455085
Rich Hotel,Arusha,Arusha Region,Tanzania,A hotel located in Arusha.,Check website,No amenities listed,Unrated,"Market Street, Arusha",No website available,https://www.openstreetmap.org/way/317158295
Ilboru Safari Lodge,Arusha,Arusha Region,Tanzania,A hotel located in Arusha.,Check website,No amenities listed,Unrated,Arusha,No website available,https://www.openstreetmap.org/way/318977701
Premier Palace Hotel,Arusha,Arusha Region,Tanzania,A hotel located in Arusha.,Check website,No amenities listed,Unrated,"1, Shamiani Street, Arusha City",No website available,https://www.openstreetmap.org/way/375247283
Saruni River Lodge,Arusha,Arusha Region,Tanzania,A hotel located in Arusha.,Check website,internet access,Unrated,No contact information available,No website available,https://www.openstreetmap.org/way/503252583
Sttlers executive Inn,Arusha,Arusha Region,Tanzania,A hotel located in Arusha.,Check website,No amenities listed,Unrated,Mabawa St,No website available,https://www.openstreetmap.org/way/551205489
Silver Palm,Arusha,Arusha Region,Tanzania,A hotel located in Arusha.,Check website,No amenities listed,Unrated,Kilombero Ave,No website available,https://www.openstreetmap.org/way/987092321
Graceland Hotel,Arusha,Arusha Region,Tanzania,A hotel located in Arusha.,Check website,No amenities listed,Unrated,"402, Nzige Street, Arusha City",No website available,https://www.openstreetmap.org/way/1001411732
Olerai Lodge,Arusha,Arusha Region,Tanzania,A hotel located in Arusha.,Check website,internet access,Unrated,Arusha,https://owc-africa.com/olerai-lodge/,https://www.openstreetmap.org/way/1451046772
Golf Course Hotel,Kampala,Central Region,Uganda,A hotel located in Kampala.,Check website,No amenities listed,Unrated,No contact information available,http://www.golfcoursehotel.com/,https://www.openstreetmap.org/node/294018725
Imperial Royale Hotel,Kampala,Central Region,Uganda,A hotel located in Kampala.,Check website,No amenities listed,Unrated,+256 417 111001,https://www.imperialhotels.co.ug/improyaleoverview.html,https://www.openstreetmap.org/node/294022796
Corner View Hotel,Kampala,Central Region,Uganda,A hotel located in Kampala.,Check website,No amenities listed,Unrated,No contact information available,No website available,https://www.openstreetmap.org/node/590641748
Le Petit Village Hotel,Kampala,Central Region,Uganda,A hotel located in Kampala.,Check website,No amenities listed,Unrated,No contact information available,https://www.lepetitvillage.net/,https://www.openstreetmap.org/node/598134694
Minister's Village Hotel,Kampala,Central Region,Uganda,A hotel located in Kampala.,Check website,No amenities listed,Unrated,No contact information available,No website available,https://www.openstreetmap.org/node/600902054
Gorilla Forest Camp,Kampala,Central Region,Uganda,A hotel located in Kampala.,Check website,No amenities listed,Unrated,No contact information available,No website available,https://www.openstreetmap.org/node/607973206
Rwizi Hotel,Kampala,Central Region,Uganda,A hotel located in Kampala.,Check website,No amenities listed,Unrated,No contact information available,No website available,https://www.openstreetmap.org/node/607973214
Bibianas Inn,Kampala,Central Region,Uganda,A hotel located in Kampala.,Check website,No amenities listed,Unrated,No contact information available,No website available,https://www.openstreetmap.org/node/609005335
Ntinda Close Motel,Kampala,Central Region,Uganda,A hotel located in Kampala.,Check website,No amenities listed,Unrated,No contact information available,No website available,https://www.openstreetmap.org/node/611746918
Afro Park Hotel,Kampala,Central Region,Uganda,A hotel located in Kampala.,Check website,No amenities listed,Unrated,No contact information available,No website available,https://www.openstreetmap.org/node/616275124
Hotel Senats,Kampala,Central Region,Uganda,A hotel located in Kampala.,Check website,No amenities listed,Unrated,No contact information available,No website available,https://www.openstreetmap.org/node/619331121
Le Bougainviller,Kampala,Central Region,Uganda,A hotel located in Kampala.,Check website,No amenities listed,Unrated,"1-7, Katazamiti Road, Kampala",https://www.bougainviller.com/,https://www.openstreetmap.org/node/621065899
Kampala Serena Hotel,Kampala,Central Region,Uganda,"A hotel located in Kampala, rated 5 stars.",Check website,No amenities listed,5-star,"Kintu Road, Kampala",https://www.serenahotels.com/serenakampala/default-en.html,https://www.openstreetmap.org/node/662083300
Bismillah Mufuti Hotel,Kampala,Central Region,Uganda,A hotel located in Kampala.,Check website,No amenities listed,Unrated,No contact information available,No website available,https://www.openstreetmap.org/node/662373523
Hotel International,Kampala,Central Region,Uganda,A hotel located in Kampala.,Check website,No amenities listed,Unrated,No contact information available,No website available,https://www.openstreetmap.org/node/665341745
Sports View Hotel,Kampala,Central Region,Uganda,A hotel located in Kampala.,Check website,No amenities listed,Unrated,No contact information available,No website available,https://www.openstreetmap.org/node/675609593
Kampala Club Hotel Shangri-la,Kampala,Central Region,Uganda,A hotel located in Kampala.,Check website,No amenities listed,Unrated,No contact information available,https://www.shangri-la.co.ug/,https://www.openstreetmap.org/node/773119927
Shine Hotel Kansanga,Kampala,Central Region,Uganda,A hotel located in Kampala.,Check website,No amenities listed,Unrated,No contact information available,No website available,https://www.openstreetmap.org/node/826219087
Kagga Gardens,Kampala,Central Region,Uganda,A hotel located in Kampala.,Check website,No amenities listed,Unrated,No contact information available,No website available,https://www.openstreetmap.org/node/1103180924
The Lodge,Kampala,Central Region,Uganda,A hotel located in Kampala.,Check website,No amenities listed,Unrated,No contact information available,No website available,https://www.openstreetmap.org/node/1393751284
Landmark Hotel,Kampala,Central Region,Uganda,A hotel located in Kampala.,Check website,No amenities listed,Unrated,No contact information available,No website available,https://www.openstreetmap.org/node/1575255119
SEB Hotel,Kampala,Central Region,Uganda,A hotel located in Kampala.,Check website,No amenities listed,Unrated,No contact information available,No website available,https://www.openstreetmap.org/node/1594329540
Pearl Apartments,Kampala,Central Region,Uganda,A hotel located in Kampala.,Check website,No amenities listed,Unrated,"644, Buziga Road",No website available,https://www.openstreetmap.org/node/1634353313
Silver Springs Hotel,Kampala,Central Region,Uganda,A hotel located in Kampala.,Check website,No amenities listed,Unrated,No contact information available,No website available,https://www.openstreetmap.org/node/1686976316
Tandem Hotel,Kampala,Central Region,Uganda,A hotel located in Kampala.,Check website,No amenities listed,Unrated,No contact information available,No website available,https://www.openstreetmap.org/node/1735579381
Mamba Point,Kampala,Central Region,Uganda,A hotel located in Kampala.,Check website,No amenities listed,Unrated,No contact information available,No website available,https://www.openstreetmap.org/node/1777776582
Tourist Hotel,Kampala,Central Region,Uganda,A hotel located in Kampala.,Check website,No amenities listed,Unrated,+256 414 251471,http://www.touristhotel.net/,https://www.openstreetmap.org/node/1777781615
SHIV,Kampala,Central Region,Uganda,A hotel located in Kampala.,Check website,No amenities listed,Unrated,No contact information available,No website available,https://www.openstreetmap.org/node/1788558314
Tal Cottages,Kampala,Central Region,Uganda,A hotel located in Kampala.,Check website,No amenities listed,Unrated,No contact information available,No website available,https://www.openstreetmap.org/node/2105819704
Golf Course Apartments,Kampala,Central Region,Uganda,A hotel located in Kampala.,Check website,No amenities listed,Unrated,+256 414 255465,http://www.golfcourseapartments.com,https://www.openstreetmap.org/node/2130348526
Ivys Hotel,Kampala,Central Region,Uganda,A hotel located in Kampala.,Check website,internet access,Unrated,"90-91, Sir Albert Cook Road, Kampala",https://www.ivyshotel.co.ug/,https://www.openstreetmap.org/node/2330272205
Hotel Triangle,Kampala,Central Region,Uganda,A hotel located in Kampala.,Check website,No amenities listed,Unrated,No contact information available,No website available,https://www.openstreetmap.org/node/2455315695
Fairway Hotel,Kampala,Central Region,Uganda,A hotel located in Kampala.,Check website,No amenities listed,Unrated,"1, Kafu Road, Kampala",https://fairwayhotel.co.ug/,https://www.openstreetmap.org/node/2521845236
Kololo Courts,Kampala,Central Region,Uganda,A hotel located in Kampala.,Check website,No amenities listed,Unrated,"3, Dundas Road, Kampala",https://www.kololocourts.com/,https://www.openstreetmap.org/node/2521846383
Speke Hotel,Kampala,Central Region,Uganda,A hotel located in Kampala.,Check website,No amenities listed,Unrated,+256 414 259221,https://www.spekehotel.com/,https://www.openstreetmap.org/node/2521848702
Rivonia Apartments,Kampala,Central Region,Uganda,A hotel located in Kampala.,Check website,No amenities listed,Unrated,No contact information available,No website available,https://www.openstreetmap.org/node/2521851590
The Lodge Kampala Hotel,Kampala,Central Region,Uganda,A hotel located in Kampala.,Check website,No amenities listed,Unrated,No contact information available,No website available,https://www.openstreetmap.org/node/2521852038
Afrique Suites Hotel,Kampala,Central Region,Uganda,A hotel located in Kampala.,Check website,No amenities listed,Unrated,No contact information available,No website available,https://www.openstreetmap.org/node/2521857449
Holiday Express Hotel,Kampala,Central Region,Uganda,A hotel located in Kampala.,Check website,No amenities listed,Unrated,+256 414 253451,https://www.holidayexpresshotel.com/,https://www.openstreetmap.org/node/2521860685
Humura Resort Hotel,Kampala,Central Region,Uganda,A hotel located in Kampala.,Check website,No amenities listed,Unrated,+256 414 700400,https://www.humurauganda.com/,https://www.openstreetmap.org/node/2521861216
The Prestige Hotel Suites,Kampala,Central Region,Uganda,A hotel located in Kampala.,Check website,No amenities listed,Unrated,+256 717 820100,https://www.prestigehotelsuites.com/,https://www.openstreetmap.org/node/2521861883
Hotel Diplomate,Kampala,Central Region,Uganda,A hotel located in Kampala.,Check website,No amenities listed,Unrated,"Plot 971, Muyenga Tank Hill, Diplomate Road, Kampala",No website available,https://www.openstreetmap.org/node/2526056773
Kyengera country resort,Kampala,Central Region,Uganda,A hotel located in Kampala.,Check website,No amenities listed,Unrated,No contact information available,No website available,https://www.openstreetmap.org/node/2534665826
888hotel,Kampala,Central Region,Uganda,A hotel located in Kampala.,Check website,No amenities listed,Unrated,No contact information available,No website available,https://www.openstreetmap.org/node/2587178574
Bamako Hotel,Kampala,Central Region,Uganda,A hotel located in Kampala.,Check website,No amenities listed,Unrated,No contact information available,No website available,https://www.openstreetmap.org/node/2722108849
City Square Hotel,Kampala,Central Region,Uganda,A hotel located in Kampala.,Check website,No amenities listed,Unrated,No contact information available,No website available,https://www.openstreetmap.org/node/2722108856
Leisure Tec Hotel,Kampala,Central Region,Uganda,A hotel located in Kampala.,Check website,No amenities listed,Unrated,No contact information available,No website available,https://www.openstreetmap.org/node/2722108867
Athina Club House,Kampala,Central Region,Uganda,A hotel located in Kampala.,Check website,No amenities listed,Unrated,"30, Windsor Cresent, Kampala",http://www.athinaclubhouse.com/,https://www.openstreetmap.org/node/3032234582
HBT Hotel,Kampala,Central Region,Uganda,A hotel located in Kampala.,Check website,No amenities listed,Unrated,No contact information available,No website available,https://www.openstreetmap.org/node/3063735305
Chief of Hotels,Kampala,Central Region,Uganda,A hotel located in Kampala.,Check website,No amenities listed,Unrated,No contact information available,No website available,https://www.openstreetmap.org/node/3114655884
Cassia Lodge,Kampala,Central Region,Uganda,A hotel located in Kampala.,Check website,No amenities listed,Unrated,+256 755 777002,https://cassialodge.com/,https://www.openstreetmap.org/node/3176178427
Tristar Hotel,Kampala,Central Region,Uganda,A hotel located in Kampala.,Check website,No amenities listed,Unrated,No contact information available,No website available,https://www.openstreetmap.org/node/3269327882
Villa Kololo,Kampala,Central Region,Uganda,A hotel located in Kampala.,Check website,No amenities listed,Unrated,"31, Acacia Avenue, Kampala",https://www.villakololo.com/,https://www.openstreetmap.org/node/3376171424
Verona Hotel,Kampala,Central Region,Uganda,A hotel located in Kampala.,Check website,No amenities listed,Unrated,No contact information available,No website available,https://www.openstreetmap.org/node/3380780755
Hotel Sojovalo,Kampala,Central Region,Uganda,A hotel located in Kampala.,Check website,No amenities listed,Unrated,No contact information available,No website available,https://www.openstreetmap.org/node/3380790028
Hotel Barbados International,Kampala,Central Region,Uganda,A hotel located in Kampala.,Check website,No amenities listed,Unrated,No contact information available,No website available,https://www.openstreetmap.org/node/3380791375
Elite Hotel,Kampala,Central Region,Uganda,A hotel located in Kampala.,Check website,No amenities listed,Unrated,Masaka Road,No website available,https://www.openstreetmap.org/node/3384003097
Vision Hotel,Kampala,Central Region,Uganda,A hotel located in Kampala.,Check website,No amenities listed,Unrated,No contact information available,No website available,https://www.openstreetmap.org/node/3385494718
Millennium Dynasty Hotel,Kampala,Central Region,Uganda,A hotel located in Kampala.,Check website,No amenities listed,Unrated,No contact information available,No website available,https://www.openstreetmap.org/node/3385496681
KABz Hotel Ltd.,Kampala,Central Region,Uganda,A hotel located in Kampala.,Check website,No amenities listed,Unrated,No contact information available,No website available,https://www.openstreetmap.org/node/3466159852
Fang Fang Hotel,Kampala,Central Region,Uganda,A hotel located in Kampala.,Check website,No amenities listed,Unrated,No contact information available,https://www.fangfang.co.ug/,https://www.openstreetmap.org/node/3515440882
Grand Imperial Hotel,Kampala,Central Region,Uganda,A hotel located in Kampala.,Check website,No amenities listed,Unrated,+256 414 311048,https://www.imperialhotels.co.ug/grandimperialoverview.html,https://www.openstreetmap.org/node/3515440883
Nob View Hotel,Kampala,Central Region,Uganda,A hotel located in Kampala.,Check website,No amenities listed,Unrated,"Commercial Road, Kampala",No website available,https://www.openstreetmap.org/node/3528460770
Shangri-la Hotel,Kampala,Central Region,Uganda,A hotel located in Kampala.,Check website,No amenities listed,Unrated,+256 772 222621; +256 772 222622,http://www.hotel-apartment-uganda.com/,https://www.openstreetmap.org/node/3625332061
Biraj International Hotel,Kampala,Central Region,Uganda,A hotel located in Kampala.,Check website,No amenities listed,Unrated,+256 703 503541,http://www.birajhotel.com/,https://www.openstreetmap.org/node/3652954270
New City Annex Hotel (Heights City Annex Hotel),Kampala,Central Region,Uganda,A hotel located in Kampala.,Check website,No amenities listed,Unrated,"7, Dewinton Road, Kampala",No website available,https://www.openstreetmap.org/node/3662788569
SunCity Hotel,Kampala,Central Region,Uganda,A hotel located in Kampala.,Check website,No amenities listed,Unrated,"46, William Street, Kampala",No website available,https://www.openstreetmap.org/node/3669330850
Pacific Hotel - Pacific Inn,Kampala,Central Region,Uganda,A hotel located in Kampala.,Check website,No amenities listed,Unrated,"13, Nakivubo Road, Kampala",No website available,https://www.openstreetmap.org/node/3715754487
Lake Victoria Serena Resort,Kampala,Central Region,Uganda,A hotel located in Kampala.,Check website,internet access,Unrated,+256 417 121000,https://www.serenahotels.com/serenalakevictoria/default-en.html,https://www.openstreetmap.org/node/3739606065
Mussy Hotel,Kampala,Central Region,Uganda,A hotel located in Kampala.,Check website,No amenities listed,Unrated,No contact information available,No website available,https://www.openstreetmap.org/node/3757702396
Royal Impala,Kampala,Central Region,Uganda,A hotel located in Kampala.,Check website,No amenities listed,Unrated,No contact information available,http://www.royalimpalahotel.com/,https://www.openstreetmap.org/node/3797024547
Astoria,Kampala,Central Region,Uganda,A hotel located in Kampala.,Check website,No amenities listed,Unrated,No contact information available,No website available,https://www.openstreetmap.org/node/3813811827
JBK,Kampala,Central Region,Uganda,A hotel located in Kampala.,Check website,No amenities listed,Unrated,No contact information available,No website available,https://www.openstreetmap.org/node/3813811828
Somali Guesthouse,Kampala,Central Region,Uganda,A hotel located in Kampala.,Check website,No amenities listed,Unrated,No contact information available,No website available,https://www.openstreetmap.org/node/3813890192
KK Trust,Kampala,Central Region,Uganda,A hotel located in Kampala.,Check website,No amenities listed,Unrated,"8A, Namirembe Road, Kampala",No website available,https://www.openstreetmap.org/node/3813890577
Victory,Kampala,Central Region,Uganda,A hotel located in Kampala.,Check website,No amenities listed,Unrated,No contact information available,No website available,https://www.openstreetmap.org/node/3813890783
Crystal Valley Hotel,Kampala,Central Region,Uganda,A hotel located in Kampala.,Check website,No amenities listed,Unrated,No contact information available,No website available,https://www.openstreetmap.org/node/3851733973
Biyem Hotel,Kampala,Central Region,Uganda,A hotel located in Kampala.,Check website,No amenities listed,Unrated,No contact information available,No website available,https://www.openstreetmap.org/node/3851857892
Mount Zion,Kampala,Central Region,Uganda,A hotel located in Kampala.,Check website,No amenities listed,Unrated,+256 312 800 800 / +256 414 343 888,https://mtzionhotel.co.ug/,https://www.openstreetmap.org/node/3931930652
Bonita Inn,Kampala,Central Region,Uganda,A hotel located in Kampala.,Check website,No amenities listed,Unrated,No contact information available,No website available,https://www.openstreetmap.org/node/3932012106
Kingdom Kampala Hotel,Kampala,Central Region,Uganda,A hotel located in Kampala.,Check website,No amenities listed,Unrated,No contact information available,No website available,https://www.openstreetmap.org/node/3942900642
Kasalina Gardens Serviced Apartments,Kampala,Central Region,Uganda,A hotel located in Kampala.,Check website,No amenities listed,Unrated,"+256 752 612523 ,+256 774 160956",https://www.kasalinagardens.com/,https://www.openstreetmap.org/node/3979609441
Namirembe Lodge - Namirembe Inn,Kampala,Central Region,Uganda,A hotel located in Kampala.,Check website,No amenities listed,Unrated,No contact information available,No website available,https://www.openstreetmap.org/node/3981118373
Selam Inn,Kampala,Central Region,Uganda,A hotel located in Kampala.,Check website,No amenities listed,Unrated,No contact information available,No website available,https://www.openstreetmap.org/node/3981118625
Tagy Hotel,Kampala,Central Region,Uganda,A hotel located in Kampala.,Check website,No amenities listed,Unrated,0414-236510,No website available,https://www.openstreetmap.org/node/3981118748
Already Hotel,Kampala,Central Region,Uganda,A hotel located in Kampala.,Check website,No amenities listed,Unrated,No contact information available,No website available,https://www.openstreetmap.org/node/3982514392
Kaalo,Kampala,Central Region,Uganda,A hotel located in Kampala.,Check website,No amenities listed,Unrated,No contact information available,No website available,https://www.openstreetmap.org/node/3984123970
Brig Kasirye Ggwanga's Residence,Kampala,Central Region,Uganda,A hotel located in Kampala.,Check website,No amenities listed,Unrated,+256 703 779477,kasiryeggwanga.ug,https://www.openstreetmap.org/node/3984235910
Nican Resort,Kampala,Central Region,Uganda,A hotel located in Kampala.,Check website,No amenities listed,Unrated,+256 772 529959,https://www.nicanresort.com/,https://www.openstreetmap.org/node/3994157573
The Galaxy Gardens,Kampala,Central Region,Uganda,A hotel located in Kampala.,Check website,No amenities listed,Unrated,No contact information available,No website available,https://www.openstreetmap.org/node/3996527081
Jagyar Hotel,Kampala,Central Region,Uganda,A hotel located in Kampala.,Check website,No amenities listed,Unrated,No contact information available,No website available,https://www.openstreetmap.org/node/4003590496
Sals Hotel,Kampala,Central Region,Uganda,A hotel located in Kampala.,Check website,No amenities listed,Unrated,No contact information available,No website available,https://www.openstreetmap.org/node/4018004018
Emerald Hotel,Kampala,Central Region,Uganda,A hotel located in Kampala.,Check website,No amenities listed,Unrated,"3, Semiliki Walk Valley, Kampala",http://www.emeraldhotel-kampala.com/,https://www.openstreetmap.org/node/4056423064
Kahondo Buffalo Hotel,Kampala,Central Region,Uganda,A hotel located in Kampala.,Check website,internet access,Unrated,Masaka Road,www.kahondobuffalo.com,https://www.openstreetmap.org/node/4264714508
Levanda Hotel,Kampala,Central Region,Uganda,A hotel located in Kampala.,Check website,No amenities listed,Unrated,Sentema Road,No website available,https://www.openstreetmap.org/node/4264714639
Pacify Hotel,Kampala,Central Region,Uganda,A hotel located in Kampala.,Check website,No amenities listed,Unrated,No contact information available,No website available,https://www.openstreetmap.org/node/4403964790
Kampala Galaxy Guesthouse,Kampala,Central Region,Uganda,A hotel located in Kampala.,Check website,No amenities listed,Unrated,No contact information available,No website available,https://www.openstreetmap.org/node/4427642470
Kabira Country Club,Kampala,Central Region,Uganda,A hotel located in Kampala.,Check website,internet access,Unrated,"63, Kiira Road, Kampala",https://www.kabiracountryclub.com/,https://www.openstreetmap.org/node/4431831991
Taj Mahal,Kampala,Central Region,Uganda,A hotel located in Kampala.,Check website,No amenities listed,Unrated,"1st Street, Kampala",No website available,https://www.openstreetmap.org/node/4443143905
Arirang Hotel,Kampala,Central Region,Uganda,A hotel located in Kampala.,Check website,No amenities listed,Unrated,No contact information available,No website available,https://www.openstreetmap.org/node/4484263854
Laburnum Courts,Kampala,Central Region,Uganda,A hotel located in Kampala.,Check website,No amenities listed,Unrated,No contact information available,No website available,https://www.openstreetmap.org/node/4484592467
Hot Springs Villas,Kampala,Central Region,Uganda,A hotel located in Kampala.,Check website,No amenities listed,Unrated,No contact information available,No website available,https://www.openstreetmap.org/node/4492774789
kuganja home,Kampala,Central Region,Uganda,A hotel located in Kampala.,Check website,No amenities listed,Unrated,Salim Bey Road,No website available,https://www.openstreetmap.org/node/4617014190
jotena hotel,Kampala,Central Region,Uganda,A hotel located in Kampala.,Check website,No amenities listed,Unrated,0752218000,No website available,https://www.openstreetmap.org/node/4628653090
Grand Global Hotel,Kampala,Central Region,Uganda,A hotel located in Kampala.,Check website,No amenities listed,Unrated,"Kikoni Lane, Kampala",http://www.grandglobalhotel.co.ug/,https://www.openstreetmap.org/node/4718559243
Kabira Club,Kampala,Central Region,Uganda,A hotel located in Kampala.,Check website,No amenities listed,Unrated,No contact information available,No website available,https://www.openstreetmap.org/node/4722114206
Metropole Hotel Kampala,Kampala,Central Region,Uganda,A hotel located in Kampala.,Check website,No amenities listed,Unrated,No contact information available,No website available,https://www.openstreetmap.org/node/4822921022
Tides hotel,Kampala,Central Region,Uganda,A hotel located in Kampala.,Check website,No amenities listed,Unrated,No contact information available,No website available,https://www.openstreetmap.org/node/4910307323
Pope Paul IV Memorial Hotel,Kampala,Central Region,Uganda,A hotel located in Kampala.,Check website,No amenities listed,Unrated,No contact information available,No website available,https://www.openstreetmap.org/node/4932344173
Nalya,Kampala,Central Region,Uganda,A hotel located in Kampala.,Check website,No amenities listed,Unrated,No contact information available,No website available,https://www.openstreetmap.org/node/4979998922
Rest Gardens,Kampala,Central Region,Uganda,A hotel located in Kampala.,Check website,No amenities listed,Unrated,No contact information available,No website available,https://www.openstreetmap.org/node/5037644922
Darenaz Hotel,Kampala,Central Region,Uganda,A hotel located in Kampala.,Check website,No amenities listed,Unrated,No contact information available,No website available,https://www.openstreetmap.org/node/5077267524
Hotel Equatoria,Kampala,Central Region,Uganda,A hotel located in Kampala.,Check website,No amenities listed,Unrated,No contact information available,No website available,https://www.openstreetmap.org/node/5470642167
Mestil hotel,Kampala,Central Region,Uganda,A hotel located in Kampala.,Check website,No amenities listed,Unrated,Mukwano (By-Pass) Road,No website available,https://www.openstreetmap.org/node/5699615123
Nexus Resort Hotel,Kampala,Central Region,Uganda,A hotel located in Kampala.,Check website,No amenities listed,Unrated,+256414690759,https://www.nexusresorts.net/,https://www.openstreetmap.org/node/5750819221
Emperor Hotel,Kampala,Central Region,Uganda,A hotel located in Kampala.,Check website,No amenities listed,Unrated,No contact information available,No website available,https://www.openstreetmap.org/node/5860451795
Skyz Hotel,Kampala,Central Region,Uganda,A hotel located in Kampala.,Check website,No amenities listed,Unrated,"1, Water Lane, Kampala",https://www.marriott.com/en-us/hotels/ebbns-protea-hotel-kampala-skyz/overview/,https://www.openstreetmap.org/node/5902325819
Green valley Hotel,Kampala,Central Region,Uganda,A hotel located in Kampala.,Check website,No amenities listed,Unrated,"Ggaba Bypass, Kampala",No website available,https://www.openstreetmap.org/node/5912110361
Ggaba Beach Hotel,Kampala,Central Region,Uganda,A hotel located in Kampala.,Check website,No amenities listed,Unrated,"Ggaba Market Street, Kampala",No website available,https://www.openstreetmap.org/node/5917180300
Victoria Travel Hotel,Kampala,Central Region,Uganda,A hotel located in Kampala.,Check website,No amenities listed,Unrated,"Ggaba Road, Kampala",No website available,https://www.openstreetmap.org/node/5951652128
Rhino Resturant Hotel and Bar,Kampala,Central Region,Uganda,A hotel located in Kampala.,Check website,No amenities listed,Unrated,"Ggaba road street, Kampala",No website available,https://www.openstreetmap.org/node/5995468530
val heights hotel,Kampala,Central Region,Uganda,A hotel located in Kampala.,Check website,No amenities listed,Unrated,No contact information available,No website available,https://www.openstreetmap.org/node/6059041188
Xanadu Collection - All Suite Hotel,Kampala,Central Region,Uganda,"A hotel located in Kampala, rated 3 stars.",Check website,internet access,3-star,"15, Mackinnon Road, Kampala",No website available,https://www.openstreetmap.org/node/6067956890
Forest Cottages,Kampala,Central Region,Uganda,A hotel located in Kampala.,Check website,No amenities listed,Unrated,No contact information available,No website available,https://www.openstreetmap.org/node/6124803335
Landstar Hotel,Kampala,Central Region,Uganda,A hotel located in Kampala.,Check website,No amenities listed,Unrated,No contact information available,No website available,https://www.openstreetmap.org/node/6294859685
Super Paradise Hotel,Kampala,Central Region,Uganda,A hotel located in Kampala.,Check website,No amenities listed,Unrated,No contact information available,No website available,https://www.openstreetmap.org/node/6335512297
Base Hotel,Kampala,Central Region,Uganda,A hotel located in Kampala.,Check website,No amenities listed,Unrated,No contact information available,No website available,https://www.openstreetmap.org/node/7165591269
Frimosa,Kampala,Central Region,Uganda,A hotel located in Kampala.,Check website,No amenities listed,Unrated,No contact information available,No website available,https://www.openstreetmap.org/node/7181938486
Delux Holiday Inn,Kampala,Central Region,Uganda,A hotel located in Kampala.,Check website,internet access,Unrated,Kampala,No website available,https://www.openstreetmap.org/node/8123159075
Paribas Hotel,Kampala,Central Region,Uganda,A hotel located in Kampala.,Check website,No amenities listed,Unrated,No contact information available,No website available,https://www.openstreetmap.org/node/8256991517
Jicca Hotel,Kampala,Central Region,Uganda,A hotel located in Kampala.,Check website,No amenities listed,Unrated,No contact information available,No website available,https://www.openstreetmap.org/node/8261870464
monyony,Kampala,Central Region,Uganda,A hotel located in Kampala.,Check website,No amenities listed,Unrated,No contact information available,No website available,https://www.openstreetmap.org/node/8296358417
Hotel Ruch,Kampala,Central Region,Uganda,A hotel located in Kampala.,Check website,No amenities listed,Unrated,"Kintu Road, Kampala",https://www.hotelruch.com/,https://www.openstreetmap.org/node/8315861484
La Venti Hotel and Spa,Kampala,Central Region,Uganda,A hotel located in Kampala.,Check website,No amenities listed,Unrated,No contact information available,No website available,https://www.openstreetmap.org/node/8420466980
O'Kla Extreme Hotel,Kampala,Central Region,Uganda,A hotel located in Kampala.,Check website,No amenities listed,Unrated,Balintuma Road,No website available,https://www.openstreetmap.org/node/8440058819
Ravens Hotel,Kampala,Central Region,Uganda,A hotel located in Kampala.,Check website,No amenities listed,Unrated,No contact information available,No website available,https://www.openstreetmap.org/node/8440741117
Prisma Hotel,Kampala,Central Region,Uganda,A hotel located in Kampala.,Check website,No amenities listed,Unrated,Kisingiri Street,No website available,https://www.openstreetmap.org/node/8445011017
Chez Johnson Hotel,Kampala,Central Region,Uganda,A hotel located in Kampala.,Check website,No amenities listed,Unrated,Bombo Road,No website available,https://www.openstreetmap.org/node/8456545032
Chinese Business Hotel,Kampala,Central Region,Uganda,A hotel located in Kampala.,Check website,No amenities listed,Unrated,No contact information available,No website available,https://www.openstreetmap.org/node/8461446117
Romu Gardens Hotel,Kampala,Central Region,Uganda,A hotel located in Kampala.,Check website,No amenities listed,Unrated,No contact information available,No website available,https://www.openstreetmap.org/node/8465185817
Rinsar Hotel,Kampala,Central Region,Uganda,A hotel located in Kampala.,Check website,No amenities listed,Unrated,Entebbe Road,No website available,https://www.openstreetmap.org/node/8474426917
Wilsen hotel,Kampala,Central Region,Uganda,A hotel located in Kampala.,Check website,No amenities listed,Unrated,Kimera Road,No website available,https://www.openstreetmap.org/node/8489643717
Jit hotel,Kampala,Central Region,Uganda,A hotel located in Kampala.,Check website,No amenities listed,Unrated,No contact information available,No website available,https://www.openstreetmap.org/node/8489643718
Temm's Hotel,Kampala,Central Region,Uganda,A hotel located in Kampala.,Check website,No amenities listed,Unrated,No contact information available,No website available,https://www.openstreetmap.org/node/8515849617
New highland hotel,Kampala,Central Region,Uganda,A hotel located in Kampala.,Check website,No amenities listed,Unrated,No contact information available,No website available,https://www.openstreetmap.org/node/8569426017
Merry land Lodge,Kampala,Central Region,Uganda,A hotel located in Kampala.,Check website,No amenities listed,Unrated,Tank Hill Bypass,No website available,https://www.openstreetmap.org/node/8575590117
Teo Hotel,Kampala,Central Region,Uganda,A hotel located in Kampala.,Check website,No amenities listed,Unrated,Bombo Road,No website available,https://www.openstreetmap.org/node/8602816518
Kabz. Hotel LTd,Kampala,Central Region,Uganda,A hotel located in Kampala.,Check website,No amenities listed,Unrated,Bombo Road,No website available,https://www.openstreetmap.org/node/8631105817
Georgia Hotel,Kampala,Central Region,Uganda,A hotel located in Kampala.,Check website,No amenities listed,Unrated,Central Road,No website available,https://www.openstreetmap.org/node/8684522941
Kerona Dam Hotel,Kampala,Central Region,Uganda,A hotel located in Kampala.,Check website,No amenities listed,Unrated,Kasubi Road,No website available,https://www.openstreetmap.org/node/8686698119
Nuinaga Hotel,Kampala,Central Region,Uganda,A hotel located in Kampala.,Check website,No amenities listed,Unrated,Lugogo By-Pass - Rotary Avenue,No website available,https://www.openstreetmap.org/node/8686698318
Hotel Eleanorah,Kampala,Central Region,Uganda,A hotel located in Kampala.,Check website,No amenities listed,Unrated,No contact information available,No website available,https://www.openstreetmap.org/node/8806533818
The 17 Apartment + Hotel,Kampala,Central Region,Uganda,A hotel located in Kampala.,Check website,internet access,Unrated,"Kololo Hill Lane, Kamapala",http://ww.the17apartmenthotel.com/,https://www.openstreetmap.org/node/8881591091
Eureka Place,Kampala,Central Region,Uganda,A hotel located in Kampala.,Check website,No amenities listed,Unrated,No contact information available,No website available,https://www.openstreetmap.org/node/9137065061
Gloria Gardens,Kampala,Central Region,Uganda,A hotel located in Kampala.,Check website,No amenities listed,Unrated,No contact information available,No website available,https://www.openstreetmap.org/node/9162410656
Precise Motel,Kampala,Central Region,Uganda,A hotel located in Kampala.,Check website,No amenities listed,Unrated,Katwe Road,No website available,https://www.openstreetmap.org/node/9418970617
Kaazi Beach Resort,Kampala,Central Region,Uganda,A hotel located in Kampala.,Check website,internet access,Unrated,Busabala Road,https://kaazibeachresort.com/,https://www.openstreetmap.org/node/9483679217
Rochester Hotel,Kampala,Central Region,Uganda,A hotel located in Kampala.,Check website,No amenities listed,Unrated,Kisaasi Road,No website available,https://www.openstreetmap.org/node/9774153317
Ivory Castle Boutique Hotel,Kampala,Central Region,Uganda,A hotel located in Kampala.,Check website,internet access,Unrated,Roche Close,https://ivorycastle.co.com/,https://www.openstreetmap.org/node/9852919817
Hotsprings Villas,Kampala,Central Region,Uganda,A hotel located in Kampala.,Check website,internet access,Unrated,Ndejje Road,No website available,https://www.openstreetmap.org/node/9853606523
Hotsprings Hotel,Kampala,Central Region,Uganda,A hotel located in Kampala.,Check website,internet access,Unrated,Ndejje Road,No website available,https://www.openstreetmap.org/node/9853606619
Pista-Nero gardens,Kampala,Central Region,Uganda,A hotel located in Kampala.,Check website,No amenities listed,Unrated,Kirinya-Bukasa Road,No website available,https://www.openstreetmap.org/node/9905289317
GRADY Hotel,Kampala,Central Region,Uganda,A hotel located in Kampala.,Check website,No amenities listed,Unrated,Kyaliwajjala - Kira Road,No website available,https://www.openstreetmap.org/node/10229761619
Casa M,Kampala,Central Region,Uganda,A hotel located in Kampala.,Check website,No amenities listed,Unrated,No contact information available,No website available,https://www.openstreetmap.org/node/10230980917
Kampala Nile Resort,Kampala,Central Region,Uganda,A hotel located in Kampala.,Check website,internet access,Unrated,"Jinja - Kampala Road, Kampala, Namamve",https://madahotels.com/kampala-nile-resort/,https://www.openstreetmap.org/node/10232303707
Hotel Vilas,Kampala,Central Region,Uganda,A hotel located in Kampala.,Check website,No amenities listed,Unrated,0393248812,No website available,https://www.openstreetmap.org/node/10654413766
A'lure Hotel & Suites,Kampala,Central Region,Uganda,A hotel located in Kampala.,Check website,air conditioning,Unrated,No contact information available,https://alurehotel.com/,https://www.openstreetmap.org/node/10692881638
Migra,Kampala,Central Region,Uganda,A hotel located in Kampala.,Check website,internet access,Unrated,No contact information available,No website available,https://www.openstreetmap.org/node/10872902605
Canary Hotel,Kampala,Central Region,Uganda,A hotel located in Kampala.,Check website,No amenities listed,Unrated,No contact information available,No website available,https://www.openstreetmap.org/node/11543698176
Amicus Hotel,Kampala,Central Region,Uganda,A hotel located in Kampala.,Check website,No amenities listed,Unrated,Northern Bypass,No website available,https://www.openstreetmap.org/node/12684077401
Hotel Intertropics,Kampala,Central Region,Uganda,A hotel located in Kampala.,Check website,internet access,Unrated,"265, Hoima Road",No website available,https://www.openstreetmap.org/node/13516237901
Crizima Hotel,Kampala,Central Region,Uganda,A hotel located in Kampala.,Check website,No amenities listed,Unrated,No contact information available,No website available,https://www.openstreetmap.org/node/13860875501
Jolly Courts Hotel,Kampala,Central Region,Uganda,A hotel located in Kampala.,Check website,No amenities listed,Unrated,Ggaba Road,No website available,https://www.openstreetmap.org/node/13860962201
Speke Resort Munyonyo,Kampala,Central Region,Uganda,"A hotel located in Kampala, rated 5 stars.",Check website,internet access,5-star,+256 414 227111,https://www.spekeresort.com/,https://www.openstreetmap.org/way/50474010
Hotel Frega,Kampala,Central Region,Uganda,A hotel located in Kampala.,Check website,No amenities listed,Unrated,No contact information available,No website available,https://www.openstreetmap.org/way/140819250
Sheraton Kampala Hotel,Kampala,Central Region,Uganda,A hotel located in Kampala.,Check website,No amenities listed,Unrated,"Ternan Avenue, Kampala",http://www.sheratonkampala.com/,https://www.openstreetmap.org/way/148064684
Makindye Country Club,Kampala,Central Region,Uganda,A hotel located in Kampala.,Check website,No amenities listed,Unrated,"59, Makindye Road, Kampala",http://www.makindyecountryclub.com/,https://www.openstreetmap.org/way/161307394
Grand Pearl Hotel,Kampala,Central Region,Uganda,A hotel located in Kampala.,Check website,No amenities listed,Unrated,"1230/1231, Tank Hill Road, Kampala",No website available,https://www.openstreetmap.org/way/167600284
Ssebo Green,Kampala,Central Region,Uganda,A hotel located in Kampala.,Check website,No amenities listed,Unrated,No contact information available,No website available,https://www.openstreetmap.org/way/190875952
Sir Jose Hotel,Kampala,Central Region,Uganda,A hotel located in Kampala.,Check website,No amenities listed,Unrated,No contact information available,No website available,https://www.openstreetmap.org/way/206630061
Hotel Mantras,Kampala,Central Region,Uganda,A hotel located in Kampala.,Check website,No amenities listed,Unrated,No contact information available,No website available,https://www.openstreetmap.org/way/222777778
Alcom Hotel,Kampala,Central Region,Uganda,A hotel located in Kampala.,Check website,No amenities listed,Unrated,No contact information available,No website available,https://www.openstreetmap.org/way/222781844
Kampala Kolping Hotel,Kampala,Central Region,Uganda,A hotel located in Kampala.,Check website,No amenities listed,Unrated,"132, Bombo Road, Kampala",http://ugandakolpinghotels.com/index.php/kampala-kolping,https://www.openstreetmap.org/way/263375055
Bativa Hotel,Kampala,Central Region,Uganda,"A hotel located in Kampala, rated 3 stars.",Check website,No amenities listed,3-star,No contact information available,No website available,https://www.openstreetmap.org/way/313463069
Metropole Hotel,Kampala,Central Region,Uganda,A hotel located in Kampala.,Check website,No amenities listed,Unrated,"51/53, Windsor Cresent, Kampala",https://metropolekampala.com/,https://www.openstreetmap.org/way/319151893
Capitol Palace,Kampala,Central Region,Uganda,A hotel located in Kampala.,Check website,No amenities listed,Unrated,+256414289344 / +256773000784,http://www.capitolpalace.ug/,https://www.openstreetmap.org/way/322098470
Royal Monarch Hotel,Kampala,Central Region,Uganda,A hotel located in Kampala.,Check website,No amenities listed,Unrated,No contact information available,No website available,https://www.openstreetmap.org/way/331183244
G-ONE HOTEL,Kampala,Central Region,Uganda,A hotel located in Kampala.,Check website,internet access,Unrated,No contact information available,No website available,https://www.openstreetmap.org/way/331715032
Protea Hotel,Kampala,Central Region,Uganda,A hotel located in Kampala.,Check website,No amenities listed,Unrated,"Elgon Terrace, Kampala",http://www.proteahotels.com/hotels/Pages/Protea-Hotel-Kampala.aspx,https://www.openstreetmap.org/way/344662152
Emin Pasha,Kampala,Central Region,Uganda,A hotel located in Kampala.,Check website,No amenities listed,Unrated,"27, Akii Bua Road, Kampala",https://www.eminpasha.com/,https://www.openstreetmap.org/way/345321809
Dolphin Suites,Kampala,Central Region,Uganda,A hotel located in Kampala.,Check website,No amenities listed,Unrated,No contact information available,https://www.dolphinsuites.co.ug/,https://www.openstreetmap.org/way/345699122
Mosa Court Apartments,Kampala,Central Region,Uganda,A hotel located in Kampala.,Check website,No amenities listed,Unrated,No contact information available,No website available,https://www.openstreetmap.org/way/375121575
Pearl of Africa Hotel,Kampala,Central Region,Uganda,A hotel located in Kampala.,Check website,No amenities listed,Unrated,"10, Lugard Road, Kampala",http://sovereignhotels.co.za/hotels/pearl-of-africa/,https://www.openstreetmap.org/way/395144402
Hilton Garden Inn Kampala,Kampala,Central Region,Uganda,A hotel located in Kampala.,Check website,internet access,Unrated,"Plot 72, Kiira Road, Kampala",https://www.hilton.com/en/hotels/klakrgi-hilton-garden-inn-kampala/,https://www.openstreetmap.org/way/437577068
Hotel La Grande,Kampala,Central Region,Uganda,A hotel located in Kampala.,Check website,No amenities listed,Unrated,No contact information available,http://www.kampalalagrandehotel.com/,https://www.openstreetmap.org/way/491972747
Golden Tulip Canaan Kampala,Kampala,Central Region,Uganda,"A hotel located in Kampala, rated 4 stars.",Check website,No amenities listed,4-star,"12B, Kafu Road, Kampala",https://www.goldentulip.com/en/hotels/golden-tulip-canaan-kampala,https://www.openstreetmap.org/way/498659125
Clinc and Whole Sale Shops,Kampala,Central Region,Uganda,A hotel located in Kampala.,Check website,No amenities listed,Unrated,"Ggaba Market Street, Kampala",No website available,https://www.openstreetmap.org/way/537920845
Calendar Hotel,Kampala,Central Region,Uganda,A hotel located in Kampala.,Check website,No amenities listed,Unrated,No contact information available,No website available,https://www.openstreetmap.org/way/560090745
Malakai Eco Lodge,Kampala,Central Region,Uganda,"A hotel located in Kampala, rated 3 stars.",Check website,internet access,3-star,No contact information available,No website available,https://www.openstreetmap.org/way/610191641
Interservice Hotel,Kampala,Central Region,Uganda,A hotel located in Kampala.,Check website,internet access,Unrated,"Gogonya Road, Kampala",No website available,https://www.openstreetmap.org/way/650975427
caravan hotel,Kampala,Central Region,Uganda,A hotel located in Kampala.,Check website,No amenities listed,Unrated,No contact information available,No website available,https://www.openstreetmap.org/way/820959201
APEX HOTEL,Kampala,Central Region,Uganda,A hotel located in Kampala.,Check website,No amenities listed,Unrated,"Jinja Road, Kampala",No website available,https://www.openstreetmap.org/way/916104879
Mandela Hotel,Kampala,Central Region,Uganda,A hotel located in Kampala.,Check website,No amenities listed,Unrated,No contact information available,No website available,https://www.openstreetmap.org/way/934095734
Tick Hotel,Kampala,Central Region,Uganda,A hotel located in Kampala.,Check website,No amenities listed,Unrated,No contact information available,No website available,https://www.openstreetmap.org/way/936743382
Kilimanjaro KEMPINSKI Hyatt Hotel,Dar es Salaam,Dar es Salaam Region,Tanzania,A hotel located in Dar es Salaam.,Check website,No amenities listed,Unrated,No contact information available,No website available,https://www.openstreetmap.org/node/273337090
Heritage Motel,Dar es Salaam,Dar es Salaam Region,Tanzania,A hotel located in Dar es Salaam.,Check website,No amenities listed,Unrated,No contact information available,No website available,https://www.openstreetmap.org/node/282842850
Markham Hotel,Dar es Salaam,Dar es Salaam Region,Tanzania,"A hotel located in Dar es Salaam, rated 3 stars.",Check website,"internet access, air conditioning",3-star,No contact information available,No website available,https://www.openstreetmap.org/node/282885266
Swiss Garden Hotel Ltd.,Dar es Salaam,Dar es Salaam Region,Tanzania,A hotel located in Dar es Salaam.,Check website,No amenities listed,Unrated,No contact information available,No website available,https://www.openstreetmap.org/node/1132630140
Mediterraneo Hotel & Restaurant,Dar es Salaam,Dar es Salaam Region,Tanzania,A hotel located in Dar es Salaam.,Check website,No amenities listed,Unrated,No contact information available,No website available,https://www.openstreetmap.org/node/1132637350
City Style Hotel,Dar es Salaam,Dar es Salaam Region,Tanzania,A hotel located in Dar es Salaam.,Check website,"internet access, air conditioning",Unrated,No contact information available,http://www.tzhotels.co.tz/citystylehotel/,https://www.openstreetmap.org/node/1387083953
Sunrise Beach Resort,Dar es Salaam,Dar es Salaam Region,Tanzania,A hotel located in Dar es Salaam.,Check website,No amenities listed,Unrated,No contact information available,No website available,https://www.openstreetmap.org/node/1389727158
Mexico City Hotel,Dar es Salaam,Dar es Salaam Region,Tanzania,A hotel located in Dar es Salaam.,Check website,internet access,Unrated,No contact information available,No website available,https://www.openstreetmap.org/node/1399661865
Giraffe Ocean View Hotel,Dar es Salaam,Dar es Salaam Region,Tanzania,A hotel located in Dar es Salaam.,Check website,No amenities listed,Unrated,No contact information available,https://giraffeoceanviewhotel.com/,https://www.openstreetmap.org/node/1529963517
Holiday Inn Dar Es Salaam City Centre,Dar es Salaam,Dar es Salaam Region,Tanzania,A hotel located in Dar es Salaam.,Check website,internet access,Unrated,+255 22 2139250,https://www.ihg.com/holidayinn/hotels/us/en/dar-es-salaam/desas/hoteldetail,https://www.openstreetmap.org/node/1781656538
Tanzanite Executive Suites,Dar es Salaam,Dar es Salaam Region,Tanzania,A hotel located in Dar es Salaam.,Check website,No amenities listed,Unrated,No contact information available,No website available,https://www.openstreetmap.org/node/1782509500
Transit Airport B&B,Dar es Salaam,Dar es Salaam Region,Tanzania,A hotel located in Dar es Salaam.,Check website,"internet access, air conditioning",Unrated,"408, Becco Street, Dar es Salaam",https://www.transitmotels.com,https://www.openstreetmap.org/node/2555664434
Rainbow Hotel,Dar es Salaam,Dar es Salaam Region,Tanzania,A hotel located in Dar es Salaam.,Check website,internet access,Unrated,No contact information available,No website available,https://www.openstreetmap.org/node/2990873133
Hotel Continental,Dar es Salaam,Dar es Salaam Region,Tanzania,A hotel located in Dar es Salaam.,Check website,No amenities listed,Unrated,Nkrumah Street,No website available,https://www.openstreetmap.org/node/3194717528
Holiday Inn,Dar es Salaam,Dar es Salaam Region,Tanzania,A hotel located in Dar es Salaam.,Check website,No amenities listed,Unrated,No contact information available,No website available,https://www.openstreetmap.org/node/3359885876
Eben View Hotel,Dar es Salaam,Dar es Salaam Region,Tanzania,A hotel located in Dar es Salaam.,Check website,No amenities listed,Unrated,No contact information available,No website available,https://www.openstreetmap.org/node/3600194662
FQ Hotel,Dar es Salaam,Dar es Salaam Region,Tanzania,A hotel located in Dar es Salaam.,Check website,No amenities listed,Unrated,Dar es Salaam,No website available,https://www.openstreetmap.org/node/3610271803
Bliss Hotel,Dar es Salaam,Dar es Salaam Region,Tanzania,A hotel located in Dar es Salaam.,Check website,No amenities listed,Unrated,No contact information available,No website available,https://www.openstreetmap.org/node/3671319694
Morocco Hotel,Dar es Salaam,Dar es Salaam Region,Tanzania,A hotel located in Dar es Salaam.,Check website,No amenities listed,Unrated,No contact information available,No website available,https://www.openstreetmap.org/node/3704398014
Nemax Royaol Hotel,Dar es Salaam,Dar es Salaam Region,Tanzania,A hotel located in Dar es Salaam.,Check website,No amenities listed,Unrated,No contact information available,No website available,https://www.openstreetmap.org/node/3704400827
Mana Hotel,Dar es Salaam,Dar es Salaam Region,Tanzania,A hotel located in Dar es Salaam.,Check website,No amenities listed,Unrated,No contact information available,No website available,https://www.openstreetmap.org/node/3706209261
Bondeni Hotel,Dar es Salaam,Dar es Salaam Region,Tanzania,A hotel located in Dar es Salaam.,Check website,No amenities listed,Unrated,No contact information available,No website available,https://www.openstreetmap.org/node/3707652245
The Dreamers Executive Hotel,Dar es Salaam,Dar es Salaam Region,Tanzania,A hotel located in Dar es Salaam.,Check website,No amenities listed,Unrated,No contact information available,No website available,https://www.openstreetmap.org/node/3707711261
De Mage Plaza,Dar es Salaam,Dar es Salaam Region,Tanzania,A hotel located in Dar es Salaam.,Check website,No amenities listed,Unrated,No contact information available,No website available,https://www.openstreetmap.org/node/3713159757
Kituri Royal Annex,Dar es Salaam,Dar es Salaam Region,Tanzania,A hotel located in Dar es Salaam.,Check website,internet access,Unrated,"Maralal street, Dar es Salaam",No website available,https://www.openstreetmap.org/node/3716641541
New Popex Hotel,Dar es Salaam,Dar es Salaam Region,Tanzania,A hotel located in Dar es Salaam.,Check website,internet access,Unrated,No contact information available,No website available,https://www.openstreetmap.org/node/3722860919
Hotel,Dar es Salaam,Dar es Salaam Region,Tanzania,A hotel located in Dar es Salaam.,Check website,No amenities listed,Unrated,Dar es salaam,No website available,https://www.openstreetmap.org/node/3727603775
Saphire Hotel,Dar es Salaam,Dar es Salaam Region,Tanzania,A hotel located in Dar es Salaam.,Check website,No amenities listed,Unrated,No contact information available,No website available,https://www.openstreetmap.org/node/3728334196
Harbour View Hotel,Dar es Salaam,Dar es Salaam Region,Tanzania,A hotel located in Dar es Salaam.,Check website,No amenities listed,Unrated,"Samora, Dar es Salaam",No website available,https://www.openstreetmap.org/node/3733418817
Calist Hotel,Dar es Salaam,Dar es Salaam Region,Tanzania,"A hotel located in Dar es Salaam, rated 3 stars.",Check website,"internet access, air conditioning",3-star,No contact information available,No website available,https://www.openstreetmap.org/node/3739551802
Juba Hotel,Dar es Salaam,Dar es Salaam Region,Tanzania,A hotel located in Dar es Salaam.,Check website,No amenities listed,Unrated,No contact information available,No website available,https://www.openstreetmap.org/node/3741178372
Tropical Hotel,Dar es Salaam,Dar es Salaam Region,Tanzania,A hotel located in Dar es Salaam.,Check website,No amenities listed,Unrated,"37;32, Narung'ombe Street",No website available,https://www.openstreetmap.org/node/3742464834
Palace Hotel,Dar es Salaam,Dar es Salaam Region,Tanzania,A hotel located in Dar es Salaam.,Check website,No amenities listed,Unrated,No contact information available,No website available,https://www.openstreetmap.org/node/3742813829
Spice Hotel,Dar es Salaam,Dar es Salaam Region,Tanzania,A hotel located in Dar es Salaam.,Check website,No amenities listed,Unrated,No contact information available,No website available,https://www.openstreetmap.org/node/3743081176
White Horse,Dar es Salaam,Dar es Salaam Region,Tanzania,A hotel located in Dar es Salaam.,Check website,No amenities listed,Unrated,No contact information available,No website available,https://www.openstreetmap.org/node/3745216078
Summit Excutive Bar and Lodge,Dar es Salaam,Dar es Salaam Region,Tanzania,A hotel located in Dar es Salaam.,Check website,No amenities listed,Unrated,No contact information available,No website available,https://www.openstreetmap.org/node/3745562328
640 Lodge,Dar es Salaam,Dar es Salaam Region,Tanzania,A hotel located in Dar es Salaam.,Check website,No amenities listed,Unrated,No contact information available,No website available,https://www.openstreetmap.org/node/3747223110
UK Hotel,Dar es Salaam,Dar es Salaam Region,Tanzania,A hotel located in Dar es Salaam.,Check website,No amenities listed,Unrated,No contact information available,No website available,https://www.openstreetmap.org/node/3762325259
Makete Green Leaf Hotel,Dar es Salaam,Dar es Salaam Region,Tanzania,A hotel located in Dar es Salaam.,Check website,No amenities listed,Unrated,No contact information available,No website available,https://www.openstreetmap.org/node/3762342881
Dar Peacy Hotel,Dar es Salaam,Dar es Salaam Region,Tanzania,A hotel located in Dar es Salaam.,Check website,No amenities listed,Unrated,No contact information available,No website available,https://www.openstreetmap.org/node/3763791904
Sawe Hotel,Dar es Salaam,Dar es Salaam Region,Tanzania,A hotel located in Dar es Salaam.,Check website,No amenities listed,Unrated,No contact information available,No website available,https://www.openstreetmap.org/node/3764354127
Queen Pub,Dar es Salaam,Dar es Salaam Region,Tanzania,A hotel located in Dar es Salaam.,Check website,No amenities listed,Unrated,No contact information available,No website available,https://www.openstreetmap.org/node/3764375071
Target Exacative Lougde,Dar es Salaam,Dar es Salaam Region,Tanzania,A hotel located in Dar es Salaam.,Check website,No amenities listed,Unrated,No contact information available,No website available,https://www.openstreetmap.org/node/3764375072
Top Life bar and Guest House,Dar es Salaam,Dar es Salaam Region,Tanzania,A hotel located in Dar es Salaam.,Check website,No amenities listed,Unrated,No contact information available,No website available,https://www.openstreetmap.org/node/3764936760
Flex Hotel,Dar es Salaam,Dar es Salaam Region,Tanzania,A hotel located in Dar es Salaam.,Check website,No amenities listed,Unrated,No contact information available,No website available,https://www.openstreetmap.org/node/3765467140
Mrina Hotel,Dar es Salaam,Dar es Salaam Region,Tanzania,A hotel located in Dar es Salaam.,Check website,No amenities listed,Unrated,No contact information available,No website available,https://www.openstreetmap.org/node/3765585475
Stay Inn Hotel,Dar es Salaam,Dar es Salaam Region,Tanzania,A hotel located in Dar es Salaam.,Check website,No amenities listed,Unrated,No contact information available,No website available,https://www.openstreetmap.org/node/3765585479
Liman Hotel,Dar es Salaam,Dar es Salaam Region,Tanzania,A hotel located in Dar es Salaam.,Check website,No amenities listed,Unrated,No contact information available,No website available,https://www.openstreetmap.org/node/3767492311
DYCCC Hotel,Dar es Salaam,Dar es Salaam Region,Tanzania,A hotel located in Dar es Salaam.,Check website,No amenities listed,Unrated,No contact information available,No website available,https://www.openstreetmap.org/node/3773203016
Maderinah Hotel,Dar es Salaam,Dar es Salaam Region,Tanzania,A hotel located in Dar es Salaam.,Check website,No amenities listed,Unrated,No contact information available,No website available,https://www.openstreetmap.org/node/3773223108
G Roland Hotel,Dar es Salaam,Dar es Salaam Region,Tanzania,A hotel located in Dar es Salaam.,Check website,No amenities listed,Unrated,No contact information available,No website available,https://www.openstreetmap.org/node/3788684896
Sharon Hotel,Dar es Salaam,Dar es Salaam Region,Tanzania,A hotel located in Dar es Salaam.,Check website,No amenities listed,Unrated,No contact information available,No website available,https://www.openstreetmap.org/node/3788684902
Mic Hotel,Dar es Salaam,Dar es Salaam Region,Tanzania,A hotel located in Dar es Salaam.,Check website,No amenities listed,Unrated,No contact information available,No website available,https://www.openstreetmap.org/node/3788795612
My Logde,Dar es Salaam,Dar es Salaam Region,Tanzania,A hotel located in Dar es Salaam.,Check website,No amenities listed,Unrated,No contact information available,No website available,https://www.openstreetmap.org/node/3788795613
JM Hotel,Dar es Salaam,Dar es Salaam Region,Tanzania,A hotel located in Dar es Salaam.,Check website,No amenities listed,Unrated,No contact information available,No website available,https://www.openstreetmap.org/node/3838649787
Beriego Hotel,Dar es Salaam,Dar es Salaam Region,Tanzania,A hotel located in Dar es Salaam.,Check website,No amenities listed,Unrated,No contact information available,No website available,https://www.openstreetmap.org/node/3840479433
MM Hotel Ltd,Dar es Salaam,Dar es Salaam Region,Tanzania,A hotel located in Dar es Salaam.,Check website,"internet access, air conditioning",Unrated,No contact information available,No website available,https://www.openstreetmap.org/node/3844271337
Ya Mungu Hotel,Dar es Salaam,Dar es Salaam Region,Tanzania,A hotel located in Dar es Salaam.,Check website,No amenities listed,Unrated,No contact information available,No website available,https://www.openstreetmap.org/node/3845428178
H.S. Motel,Dar es Salaam,Dar es Salaam Region,Tanzania,A hotel located in Dar es Salaam.,Check website,No amenities listed,Unrated,No contact information available,No website available,https://www.openstreetmap.org/node/3892569248
The Bedroom Hotel,Dar es Salaam,Dar es Salaam Region,Tanzania,A hotel located in Dar es Salaam.,Check website,internet access,Unrated,Amani Street,No website available,https://www.openstreetmap.org/node/4475448689
Abc Travellers Hotel,Dar es Salaam,Dar es Salaam Region,Tanzania,A hotel located in Dar es Salaam.,Check website,No amenities listed,Unrated,+255 22 218 2492,No website available,https://www.openstreetmap.org/node/4476533704
Durban Hotel,Dar es Salaam,Dar es Salaam Region,Tanzania,A hotel located in Dar es Salaam.,Check website,No amenities listed,Unrated,No contact information available,No website available,https://www.openstreetmap.org/node/4476544292
Kibodya Hotel,Dar es Salaam,Dar es Salaam Region,Tanzania,A hotel located in Dar es Salaam.,Check website,No amenities listed,Unrated,"Nkurumah, Dar es Salaam",No website available,https://www.openstreetmap.org/node/4479301694
Sleep Inn Hotel,Dar es Salaam,Dar es Salaam Region,Tanzania,A hotel located in Dar es Salaam.,Check website,No amenities listed,Unrated,No contact information available,No website available,https://www.openstreetmap.org/node/4481946397
Kiota Jungle Homestay,Dar es Salaam,Dar es Salaam Region,Tanzania,A hotel located in Dar es Salaam.,Check website,No amenities listed,Unrated,+255 716 395 809,http://www.kiotajungle.com/,https://www.openstreetmap.org/node/4485384991
Pattaya Inn,Dar es Salaam,Dar es Salaam Region,Tanzania,A hotel located in Dar es Salaam.,Check website,No amenities listed,Unrated,No contact information available,No website available,https://www.openstreetmap.org/node/4489965489
Joses garden lodge,Dar es Salaam,Dar es Salaam Region,Tanzania,A hotel located in Dar es Salaam.,Check website,No amenities listed,Unrated,No contact information available,No website available,https://www.openstreetmap.org/node/4555526904
Transit motel ukonga,Dar es Salaam,Dar es Salaam Region,Tanzania,A hotel located in Dar es Salaam.,Check website,No amenities listed,Unrated,No contact information available,No website available,https://www.openstreetmap.org/node/4555526909
Naam suite motel,Dar es Salaam,Dar es Salaam Region,Tanzania,A hotel located in Dar es Salaam.,Check website,No amenities listed,Unrated,No contact information available,No website available,https://www.openstreetmap.org/node/4555553601
GM Elegance hotel,Dar es Salaam,Dar es Salaam Region,Tanzania,A hotel located in Dar es Salaam.,Check website,No amenities listed,Unrated,No contact information available,No website available,https://www.openstreetmap.org/node/4555554299
FQ HOTEL LIMITED,Dar es Salaam,Dar es Salaam Region,Tanzania,A hotel located in Dar es Salaam.,Check website,No amenities listed,Unrated,No contact information available,No website available,https://www.openstreetmap.org/node/4556701890
Mtauya executive lodge,Dar es Salaam,Dar es Salaam Region,Tanzania,A hotel located in Dar es Salaam.,Check website,No amenities listed,Unrated,No contact information available,No website available,https://www.openstreetmap.org/node/4556972896
Zacale Hotel,Dar es Salaam,Dar es Salaam Region,Tanzania,A hotel located in Dar es Salaam.,Check website,No amenities listed,Unrated,No contact information available,No website available,https://www.openstreetmap.org/node/4561651411
Ndekha Hotel,Dar es Salaam,Dar es Salaam Region,Tanzania,A hotel located in Dar es Salaam.,Check website,No amenities listed,Unrated,No contact information available,No website available,https://www.openstreetmap.org/node/4563097072
Blue Pearl Hotel,Dar es Salaam,Dar es Salaam Region,Tanzania,A hotel located in Dar es Salaam.,Check website,No amenities listed,Unrated,No contact information available,No website available,https://www.openstreetmap.org/node/4563470378
Royal Giraffe hotel,Dar es Salaam,Dar es Salaam Region,Tanzania,A hotel located in Dar es Salaam.,Check website,No amenities listed,Unrated,No contact information available,No website available,https://www.openstreetmap.org/node/4566654691
TEC HOTEL,Dar es Salaam,Dar es Salaam Region,Tanzania,A hotel located in Dar es Salaam.,Check website,No amenities listed,Unrated,No contact information available,No website available,https://www.openstreetmap.org/node/4566713389
Mgulani hotel,Dar es Salaam,Dar es Salaam Region,Tanzania,A hotel located in Dar es Salaam.,Check website,No amenities listed,Unrated,No contact information available,No website available,https://www.openstreetmap.org/node/4566713589
Zakinn Zanzibar Hotel,Dar es Salaam,Dar es Salaam Region,Tanzania,A hotel located in Dar es Salaam.,Check website,No amenities listed,Unrated,No contact information available,No website available,https://www.openstreetmap.org/node/4569384289
Cosmic hotel,Dar es Salaam,Dar es Salaam Region,Tanzania,A hotel located in Dar es Salaam.,Check website,No amenities listed,Unrated,No contact information available,No website available,https://www.openstreetmap.org/node/4570090190
Fine travellers hotel,Dar es Salaam,Dar es Salaam Region,Tanzania,A hotel located in Dar es Salaam.,Check website,No amenities listed,Unrated,No contact information available,No website available,https://www.openstreetmap.org/node/4570099196
Bellevue home,Dar es Salaam,Dar es Salaam Region,Tanzania,A hotel located in Dar es Salaam.,Check website,No amenities listed,Unrated,No contact information available,No website available,https://www.openstreetmap.org/node/4570099197
Mambo sasa hotel,Dar es Salaam,Dar es Salaam Region,Tanzania,A hotel located in Dar es Salaam.,Check website,No amenities listed,Unrated,No contact information available,No website available,https://www.openstreetmap.org/node/4570099200
Mesuma hotel,Dar es Salaam,Dar es Salaam Region,Tanzania,A hotel located in Dar es Salaam.,Check website,No amenities listed,Unrated,No contact information available,No website available,https://www.openstreetmap.org/node/4570099201
Seashells Millenium hotel,Dar es Salaam,Dar es Salaam Region,Tanzania,A hotel located in Dar es Salaam.,Check website,No amenities listed,Unrated,No contact information available,No website available,https://www.openstreetmap.org/node/4570099202
Shamool,Dar es Salaam,Dar es Salaam Region,Tanzania,A hotel located in Dar es Salaam.,Check website,No amenities listed,Unrated,No contact information available,No website available,https://www.openstreetmap.org/node/4570121194
Dharon,Dar es Salaam,Dar es Salaam Region,Tanzania,A hotel located in Dar es Salaam.,Check website,No amenities listed,Unrated,No contact information available,No website available,https://www.openstreetmap.org/node/4570121196
Legho hotel,Dar es Salaam,Dar es Salaam Region,Tanzania,A hotel located in Dar es Salaam.,Check website,No amenities listed,Unrated,No contact information available,No website available,https://www.openstreetmap.org/node/4570121211
Collubus hotel,Dar es Salaam,Dar es Salaam Region,Tanzania,A hotel located in Dar es Salaam.,Check website,No amenities listed,Unrated,No contact information available,No website available,https://www.openstreetmap.org/node/4570126595
Isondoli home hotel,Dar es Salaam,Dar es Salaam Region,Tanzania,A hotel located in Dar es Salaam.,Check website,No amenities listed,Unrated,No contact information available,No website available,https://www.openstreetmap.org/node/4570127398
High cost,Dar es Salaam,Dar es Salaam Region,Tanzania,A hotel located in Dar es Salaam.,Check website,No amenities listed,Unrated,No contact information available,No website available,https://www.openstreetmap.org/node/4570139693
Kagame inn,Dar es Salaam,Dar es Salaam Region,Tanzania,A hotel located in Dar es Salaam.,Check website,No amenities listed,Unrated,No contact information available,No website available,https://www.openstreetmap.org/node/4570139696
Victoria inn hotel,Dar es Salaam,Dar es Salaam Region,Tanzania,A hotel located in Dar es Salaam.,Check website,No amenities listed,Unrated,No contact information available,No website available,https://www.openstreetmap.org/node/4570418690
Samara Hotel,Dar es Salaam,Dar es Salaam Region,Tanzania,A hotel located in Dar es Salaam.,Check website,No amenities listed,Unrated,No contact information available,No website available,https://www.openstreetmap.org/node/4571339701
Machina Inn,Dar es Salaam,Dar es Salaam Region,Tanzania,A hotel located in Dar es Salaam.,Check website,No amenities listed,Unrated,No contact information available,No website available,https://www.openstreetmap.org/node/4571339897
Tanzania excutive lodge,Dar es Salaam,Dar es Salaam Region,Tanzania,A hotel located in Dar es Salaam.,Check website,No amenities listed,Unrated,No contact information available,No website available,https://www.openstreetmap.org/node/4574490294
Tarimo,Dar es Salaam,Dar es Salaam Region,Tanzania,A hotel located in Dar es Salaam.,Check website,No amenities listed,Unrated,No contact information available,No website available,https://www.openstreetmap.org/node/4574559990
Marioti hotel,Dar es Salaam,Dar es Salaam Region,Tanzania,A hotel located in Dar es Salaam.,Check website,No amenities listed,Unrated,No contact information available,No website available,https://www.openstreetmap.org/node/4580622990
Jakicha Motel,Dar es Salaam,Dar es Salaam Region,Tanzania,A hotel located in Dar es Salaam.,Check website,No amenities listed,Unrated,No contact information available,No website available,https://www.openstreetmap.org/node/4582281797
UDSM UBUNGO HOTEL,Dar es Salaam,Dar es Salaam Region,Tanzania,A hotel located in Dar es Salaam.,Check website,No amenities listed,Unrated,No contact information available,No website available,https://www.openstreetmap.org/node/4590306989
New Itembe hotel,Dar es Salaam,Dar es Salaam Region,Tanzania,A hotel located in Dar es Salaam.,Check website,No amenities listed,Unrated,No contact information available,No website available,https://www.openstreetmap.org/node/4643619189
Safari Inn,Dar es Salaam,Dar es Salaam Region,Tanzania,A hotel located in Dar es Salaam.,Check website,No amenities listed,Unrated,Dar es Salaam,No website available,https://www.openstreetmap.org/node/4760455721
South Beach Resort,Dar es Salaam,Dar es Salaam Region,Tanzania,A hotel located in Dar es Salaam.,Check website,No amenities listed,Unrated,No contact information available,No website available,https://www.openstreetmap.org/node/4907590228
Bakule executive lodge,Dar es Salaam,Dar es Salaam Region,Tanzania,A hotel located in Dar es Salaam.,Check website,No amenities listed,Unrated,No contact information available,No website available,https://www.openstreetmap.org/node/4944043623
Safari Hotel,Dar es Salaam,Dar es Salaam Region,Tanzania,A hotel located in Dar es Salaam.,Check website,No amenities listed,Unrated,New Bagamoyo Road,No website available,https://www.openstreetmap.org/node/4956915421
Econo Lodge,Dar es Salaam,Dar es Salaam Region,Tanzania,A hotel located in Dar es Salaam.,Check website,No amenities listed,Unrated,Dar es Salaam,No website available,https://www.openstreetmap.org/node/5039239023
Hotel resort,Dar es Salaam,Dar es Salaam Region,Tanzania,A hotel located in Dar es Salaam.,Check website,No amenities listed,Unrated,"Simba, Dar es Salaam",No website available,https://www.openstreetmap.org/node/5145128398
Maredori Hotel,Dar es Salaam,Dar es Salaam Region,Tanzania,A hotel located in Dar es Salaam.,Check website,No amenities listed,Unrated,"Matumbo, Dar es Salaam",No website available,https://www.openstreetmap.org/node/5163149456
Flex 11 hotel,Dar es Salaam,Dar es Salaam Region,Tanzania,A hotel located in Dar es Salaam.,Check website,No amenities listed,Unrated,Mafia Street,No website available,https://www.openstreetmap.org/node/5165068224
Tausi Inn & Lodge,Dar es Salaam,Dar es Salaam Region,Tanzania,A hotel located in Dar es Salaam.,Check website,No amenities listed,Unrated,No contact information available,No website available,https://www.openstreetmap.org/node/5250050258
The Ikoma Park Hotel,Dar es Salaam,Dar es Salaam Region,Tanzania,A hotel located in Dar es Salaam.,Check website,No amenities listed,Unrated,No contact information available,No website available,https://www.openstreetmap.org/node/5263510422
Classic Lodge,Dar es Salaam,Dar es Salaam Region,Tanzania,A hotel located in Dar es Salaam.,Check website,No amenities listed,Unrated,No contact information available,No website available,https://www.openstreetmap.org/node/5268311629
New Double M Lodge,Dar es Salaam,Dar es Salaam Region,Tanzania,A hotel located in Dar es Salaam.,Check website,No amenities listed,Unrated,No contact information available,No website available,https://www.openstreetmap.org/node/5293823597
Mombasa Hotel,Dar es Salaam,Dar es Salaam Region,Tanzania,A hotel located in Dar es Salaam.,Check website,No amenities listed,Unrated,No contact information available,No website available,https://www.openstreetmap.org/node/5348875638
Kilungeja Hotel,Dar es Salaam,Dar es Salaam Region,Tanzania,A hotel located in Dar es Salaam.,Check website,No amenities listed,Unrated,No contact information available,No website available,https://www.openstreetmap.org/node/5448172324
Mara countryard lodge,Dar es Salaam,Dar es Salaam Region,Tanzania,A hotel located in Dar es Salaam.,Check website,No amenities listed,Unrated,No contact information available,No website available,https://www.openstreetmap.org/node/5501826423
Keys Hotel,Dar es Salaam,Dar es Salaam Region,Tanzania,A hotel located in Dar es Salaam.,Check website,No amenities listed,Unrated,No contact information available,No website available,https://www.openstreetmap.org/node/5621659622
MRC Backpackers,Dar es Salaam,Dar es Salaam Region,Tanzania,A hotel located in Dar es Salaam.,Check website,internet access,Unrated,"2, Repoa",No website available,https://www.openstreetmap.org/node/5811636854
Shemshiz Hotel and Lodge,Dar es Salaam,Dar es Salaam Region,Tanzania,A hotel located in Dar es Salaam.,Check website,No amenities listed,Unrated,No contact information available,No website available,https://www.openstreetmap.org/node/6243901225
Mikumi Inn Hotel,Dar es Salaam,Dar es Salaam Region,Tanzania,A hotel located in Dar es Salaam.,Check website,No amenities listed,Unrated,No contact information available,No website available,https://www.openstreetmap.org/node/6259234311
Masia Hotel,Dar es Salaam,Dar es Salaam Region,Tanzania,A hotel located in Dar es Salaam.,Check website,No amenities listed,Unrated,No contact information available,No website available,https://www.openstreetmap.org/node/6263677579
New Madiba Hotel,Dar es Salaam,Dar es Salaam Region,Tanzania,"A hotel located in Dar es Salaam, rated 2 stars.",Check website,air conditioning,2-star,No contact information available,No website available,https://www.openstreetmap.org/node/6280276368
King D Hotel,Dar es Salaam,Dar es Salaam Region,Tanzania,A hotel located in Dar es Salaam.,Check website,No amenities listed,Unrated,No contact information available,No website available,https://www.openstreetmap.org/node/6285544990
Star City Hotel,Dar es Salaam,Dar es Salaam Region,Tanzania,A hotel located in Dar es Salaam.,Check website,No amenities listed,Unrated,No contact information available,No website available,https://www.openstreetmap.org/node/6285544991
Mlemisi Hotel,Dar es Salaam,Dar es Salaam Region,Tanzania,A hotel located in Dar es Salaam.,Check website,No amenities listed,Unrated,No contact information available,No website available,https://www.openstreetmap.org/node/6397929672
Kilinja Lodge,Dar es Salaam,Dar es Salaam Region,Tanzania,A hotel located in Dar es Salaam.,Check website,No amenities listed,Unrated,No contact information available,No website available,https://www.openstreetmap.org/node/6397929673
JM lodge,Dar es Salaam,Dar es Salaam Region,Tanzania,A hotel located in Dar es Salaam.,Check website,No amenities listed,Unrated,No contact information available,No website available,https://www.openstreetmap.org/node/6397929674
DK Lodge,Dar es Salaam,Dar es Salaam Region,Tanzania,A hotel located in Dar es Salaam.,Check website,No amenities listed,Unrated,No contact information available,No website available,https://www.openstreetmap.org/node/6397929677
PMB Lodge,Dar es Salaam,Dar es Salaam Region,Tanzania,A hotel located in Dar es Salaam.,Check website,No amenities listed,Unrated,No contact information available,No website available,https://www.openstreetmap.org/node/6397929678
Calfonia Inn hotel,Dar es Salaam,Dar es Salaam Region,Tanzania,A hotel located in Dar es Salaam.,Check website,No amenities listed,Unrated,No contact information available,No website available,https://www.openstreetmap.org/node/6397930098
Kalembo Hotel,Dar es Salaam,Dar es Salaam Region,Tanzania,A hotel located in Dar es Salaam.,Check website,No amenities listed,Unrated,No contact information available,No website available,https://www.openstreetmap.org/node/6397930103
Dreamers Hotel,Dar es Salaam,Dar es Salaam Region,Tanzania,A hotel located in Dar es Salaam.,Check website,No amenities listed,Unrated,No contact information available,No website available,https://www.openstreetmap.org/node/6397930113
Hill star Hotel,Dar es Salaam,Dar es Salaam Region,Tanzania,A hotel located in Dar es Salaam.,Check website,No amenities listed,Unrated,No contact information available,No website available,https://www.openstreetmap.org/node/6397955644
Euro Hotel,Dar es Salaam,Dar es Salaam Region,Tanzania,A hotel located in Dar es Salaam.,Check website,internet access,Unrated,No contact information available,No website available,https://www.openstreetmap.org/node/6398093629
Picol Hotel,Dar es Salaam,Dar es Salaam Region,Tanzania,A hotel located in Dar es Salaam.,Check website,No amenities listed,Unrated,No contact information available,No website available,https://www.openstreetmap.org/node/6398169686
Mediteranian hotel,Dar es Salaam,Dar es Salaam Region,Tanzania,A hotel located in Dar es Salaam.,Check website,No amenities listed,Unrated,No contact information available,No website available,https://www.openstreetmap.org/node/6398169702
Land Mark Hotel,Dar es Salaam,Dar es Salaam Region,Tanzania,A hotel located in Dar es Salaam.,Check website,No amenities listed,Unrated,No contact information available,No website available,https://www.openstreetmap.org/node/6398244297
Elegance Hotel,Dar es Salaam,Dar es Salaam Region,Tanzania,A hotel located in Dar es Salaam.,Check website,No amenities listed,Unrated,No contact information available,No website available,https://www.openstreetmap.org/node/6398244301
Hotel Africa Sana,Dar es Salaam,Dar es Salaam Region,Tanzania,A hotel located in Dar es Salaam.,Check website,No amenities listed,Unrated,No contact information available,No website available,https://www.openstreetmap.org/node/6398244343
Calabus Hotel,Dar es Salaam,Dar es Salaam Region,Tanzania,A hotel located in Dar es Salaam.,Check website,No amenities listed,Unrated,No contact information available,No website available,https://www.openstreetmap.org/node/6398244359
Mawenzi Annex,Dar es Salaam,Dar es Salaam Region,Tanzania,A hotel located in Dar es Salaam.,Check website,No amenities listed,Unrated,No contact information available,No website available,https://www.openstreetmap.org/node/6398267614
Sigro Hotel,Dar es Salaam,Dar es Salaam Region,Tanzania,A hotel located in Dar es Salaam.,Check website,No amenities listed,Unrated,No contact information available,No website available,https://www.openstreetmap.org/node/6398267619
Silver Mela,Dar es Salaam,Dar es Salaam Region,Tanzania,A hotel located in Dar es Salaam.,Check website,No amenities listed,Unrated,No contact information available,No website available,https://www.openstreetmap.org/node/6398267655
Mkamba Geust House,Dar es Salaam,Dar es Salaam Region,Tanzania,A hotel located in Dar es Salaam.,Check website,No amenities listed,Unrated,No contact information available,No website available,https://www.openstreetmap.org/node/6398267797
Binam Lodge,Dar es Salaam,Dar es Salaam Region,Tanzania,A hotel located in Dar es Salaam.,Check website,No amenities listed,Unrated,No contact information available,No website available,https://www.openstreetmap.org/node/6400071777
Ojays Kids Zone,Dar es Salaam,Dar es Salaam Region,Tanzania,A hotel located in Dar es Salaam.,Check website,No amenities listed,Unrated,No contact information available,No website available,https://www.openstreetmap.org/node/6400147977
Victoria Hotel,Dar es Salaam,Dar es Salaam Region,Tanzania,A hotel located in Dar es Salaam.,Check website,No amenities listed,Unrated,No contact information available,No website available,https://www.openstreetmap.org/node/6400147980
Chichi Hotel,Dar es Salaam,Dar es Salaam Region,Tanzania,A hotel located in Dar es Salaam.,Check website,No amenities listed,Unrated,No contact information available,No website available,https://www.openstreetmap.org/node/6400151399
JVL Hotel,Dar es Salaam,Dar es Salaam Region,Tanzania,A hotel located in Dar es Salaam.,Check website,No amenities listed,Unrated,"1, Togo",No website available,https://www.openstreetmap.org/node/6400151404
Shibam hotel,Dar es Salaam,Dar es Salaam Region,Tanzania,A hotel located in Dar es Salaam.,Check website,No amenities listed,Unrated,No contact information available,No website available,https://www.openstreetmap.org/node/6400259071
Munah Hotel,Dar es Salaam,Dar es Salaam Region,Tanzania,A hotel located in Dar es Salaam.,Check website,No amenities listed,Unrated,No contact information available,No website available,https://www.openstreetmap.org/node/6400259072
City View Bar and Hotel,Dar es Salaam,Dar es Salaam Region,Tanzania,A hotel located in Dar es Salaam.,Check website,No amenities listed,Unrated,No contact information available,No website available,https://www.openstreetmap.org/node/6400343760
Breeze Hotel,Dar es Salaam,Dar es Salaam Region,Tanzania,A hotel located in Dar es Salaam.,Check website,No amenities listed,Unrated,No contact information available,No website available,https://www.openstreetmap.org/node/6400359316
Singano Hostel,Dar es Salaam,Dar es Salaam Region,Tanzania,A hotel located in Dar es Salaam.,Check website,No amenities listed,Unrated,No contact information available,No website available,https://www.openstreetmap.org/node/6400359346
Maamo Hotel and Bar,Dar es Salaam,Dar es Salaam Region,Tanzania,A hotel located in Dar es Salaam.,Check website,No amenities listed,Unrated,No contact information available,No website available,https://www.openstreetmap.org/node/6400359350
Iceland Hotel,Dar es Salaam,Dar es Salaam Region,Tanzania,A hotel located in Dar es Salaam.,Check website,No amenities listed,Unrated,No contact information available,No website available,https://www.openstreetmap.org/node/6400555950
Itumbo Hotel,Dar es Salaam,Dar es Salaam Region,Tanzania,A hotel located in Dar es Salaam.,Check website,No amenities listed,Unrated,No contact information available,No website available,https://www.openstreetmap.org/node/6400556006
JPM hotel,Dar es Salaam,Dar es Salaam Region,Tanzania,A hotel located in Dar es Salaam.,Check website,No amenities listed,Unrated,No contact information available,No website available,https://www.openstreetmap.org/node/6405873740
Kanoel hotel,Dar es Salaam,Dar es Salaam Region,Tanzania,A hotel located in Dar es Salaam.,Check website,No amenities listed,Unrated,No contact information available,No website available,https://www.openstreetmap.org/node/6405873742
Grand Hotel,Dar es Salaam,Dar es Salaam Region,Tanzania,A hotel located in Dar es Salaam.,Check website,No amenities listed,Unrated,No contact information available,No website available,https://www.openstreetmap.org/node/6405873779
Shosholazi hotel,Dar es Salaam,Dar es Salaam Region,Tanzania,A hotel located in Dar es Salaam.,Check website,No amenities listed,Unrated,No contact information available,No website available,https://www.openstreetmap.org/node/6405874088
French corner hotel,Dar es Salaam,Dar es Salaam Region,Tanzania,A hotel located in Dar es Salaam.,Check website,No amenities listed,Unrated,No contact information available,No website available,https://www.openstreetmap.org/node/6405874100
Nefaland hotel,Dar es Salaam,Dar es Salaam Region,Tanzania,A hotel located in Dar es Salaam.,Check website,No amenities listed,Unrated,No contact information available,No website available,https://www.openstreetmap.org/node/6405874101
Mambuya hotel,Dar es Salaam,Dar es Salaam Region,Tanzania,A hotel located in Dar es Salaam.,Check website,No amenities listed,Unrated,No contact information available,No website available,https://www.openstreetmap.org/node/6405874103
Golden Tulip Hotel,Dar es Salaam,Dar es Salaam Region,Tanzania,A hotel located in Dar es Salaam.,Check website,air conditioning,Unrated,No contact information available,No website available,https://www.openstreetmap.org/node/6406108884
Sea Cliff Village,Dar es Salaam,Dar es Salaam Region,Tanzania,A hotel located in Dar es Salaam.,Check website,No amenities listed,Unrated,No contact information available,No website available,https://www.openstreetmap.org/node/6406109002
Boulera Inn Hotel,Dar es Salaam,Dar es Salaam Region,Tanzania,A hotel located in Dar es Salaam.,Check website,No amenities listed,Unrated,No contact information available,No website available,https://www.openstreetmap.org/node/6406109019
Double Tree Hotel,Dar es Salaam,Dar es Salaam Region,Tanzania,A hotel located in Dar es Salaam.,Check website,No amenities listed,Unrated,No contact information available,No website available,https://www.openstreetmap.org/node/6406109021
Regency Park Hotel,Dar es Salaam,Dar es Salaam Region,Tanzania,A hotel located in Dar es Salaam.,Check website,No amenities listed,Unrated,No contact information available,No website available,https://www.openstreetmap.org/node/6406109066
Alpha hostel,Dar es Salaam,Dar es Salaam Region,Tanzania,A hotel located in Dar es Salaam.,Check website,No amenities listed,Unrated,No contact information available,No website available,https://www.openstreetmap.org/node/6406233140
Data Vision (id card solution ),Dar es Salaam,Dar es Salaam Region,Tanzania,A hotel located in Dar es Salaam.,Check website,"internet access, air conditioning",Unrated,No contact information available,No website available,https://www.openstreetmap.org/node/6406233156
Atithi Hotel,Dar es Salaam,Dar es Salaam Region,Tanzania,A hotel located in Dar es Salaam.,Check website,No amenities listed,Unrated,No contact information available,No website available,https://www.openstreetmap.org/node/6406233159
Varlek Hotel,Dar es Salaam,Dar es Salaam Region,Tanzania,A hotel located in Dar es Salaam.,Check website,No amenities listed,Unrated,No contact information available,No website available,https://www.openstreetmap.org/node/6406233170
Northland Hotel,Dar es Salaam,Dar es Salaam Region,Tanzania,A hotel located in Dar es Salaam.,Check website,No amenities listed,Unrated,No contact information available,No website available,https://www.openstreetmap.org/node/6406317838
Royal Village Hotel,Dar es Salaam,Dar es Salaam Region,Tanzania,A hotel located in Dar es Salaam.,Check website,No amenities listed,Unrated,Kawawa Road,No website available,https://www.openstreetmap.org/node/6406317862
Top Land hotel,Dar es Salaam,Dar es Salaam Region,Tanzania,A hotel located in Dar es Salaam.,Check website,No amenities listed,Unrated,No contact information available,No website available,https://www.openstreetmap.org/node/6406317995
Cate Hotel,Dar es Salaam,Dar es Salaam Region,Tanzania,A hotel located in Dar es Salaam.,Check website,No amenities listed,Unrated,No contact information available,No website available,https://www.openstreetmap.org/node/6406616497
Blue Bird Hotel,Dar es Salaam,Dar es Salaam Region,Tanzania,A hotel located in Dar es Salaam.,Check website,No amenities listed,Unrated,No contact information available,No website available,https://www.openstreetmap.org/node/6406706955
Fahari Hotel,Dar es Salaam,Dar es Salaam Region,Tanzania,A hotel located in Dar es Salaam.,Check website,No amenities listed,Unrated,No contact information available,No website available,https://www.openstreetmap.org/node/6406706957
Delfrance hotel,Dar es Salaam,Dar es Salaam Region,Tanzania,A hotel located in Dar es Salaam.,Check website,No amenities listed,Unrated,No contact information available,No website available,https://www.openstreetmap.org/node/6406706980
Mkomilo hotel,Dar es Salaam,Dar es Salaam Region,Tanzania,A hotel located in Dar es Salaam.,Check website,No amenities listed,Unrated,No contact information available,No website available,https://www.openstreetmap.org/node/6406707888
Lion hotel,Dar es Salaam,Dar es Salaam Region,Tanzania,A hotel located in Dar es Salaam.,Check website,No amenities listed,Unrated,Matatiele Road,http://www.lionhotelltd.com/,https://www.openstreetmap.org/node/6406707890
Shamol hotel,Dar es Salaam,Dar es Salaam Region,Tanzania,A hotel located in Dar es Salaam.,Check website,No amenities listed,Unrated,No contact information available,No website available,https://www.openstreetmap.org/node/6406707893
Wanyama hotel,Dar es Salaam,Dar es Salaam Region,Tanzania,A hotel located in Dar es Salaam.,Check website,No amenities listed,Unrated,No contact information available,No website available,https://www.openstreetmap.org/node/6406707900
Eaivad Hotel,Dar es Salaam,Dar es Salaam Region,Tanzania,A hotel located in Dar es Salaam.,Check website,No amenities listed,Unrated,Dar es Salaam,No website available,https://www.openstreetmap.org/node/6406707907
City Novert Hotel,Dar es Salaam,Dar es Salaam Region,Tanzania,A hotel located in Dar es Salaam.,Check website,No amenities listed,Unrated,No contact information available,No website available,https://www.openstreetmap.org/node/6406707922
Mwika Hotel and Social Hall,Dar es Salaam,Dar es Salaam Region,Tanzania,A hotel located in Dar es Salaam.,Check website,No amenities listed,Unrated,No contact information available,No website available,https://www.openstreetmap.org/node/6406707923
Big Brother Hotel Inn,Dar es Salaam,Dar es Salaam Region,Tanzania,A hotel located in Dar es Salaam.,Check website,No amenities listed,Unrated,No contact information available,No website available,https://www.openstreetmap.org/node/6406752446
Green Light Hotel,Dar es Salaam,Dar es Salaam Region,Tanzania,A hotel located in Dar es Salaam.,Check website,No amenities listed,Unrated,Dar es Salaam,No website available,https://www.openstreetmap.org/node/6406752449
Zanzibar Paradise Hotel,Dar es Salaam,Dar es Salaam Region,Tanzania,A hotel located in Dar es Salaam.,Check website,No amenities listed,Unrated,No contact information available,No website available,https://www.openstreetmap.org/node/6408478634
New Yue Tan Hotel,Dar es Salaam,Dar es Salaam Region,Tanzania,A hotel located in Dar es Salaam.,Check website,No amenities listed,Unrated,No contact information available,No website available,https://www.openstreetmap.org/node/6408499557
Dallas Inn,Dar es Salaam,Dar es Salaam Region,Tanzania,A hotel located in Dar es Salaam.,Check website,No amenities listed,Unrated,No contact information available,No website available,https://www.openstreetmap.org/node/6408499560
Harane Inn Hotel,Dar es Salaam,Dar es Salaam Region,Tanzania,A hotel located in Dar es Salaam.,Check website,No amenities listed,Unrated,No contact information available,No website available,https://www.openstreetmap.org/node/6408522296
Crowne Plaza Dar Es Salaam,Dar es Salaam,Dar es Salaam Region,Tanzania,A hotel located in Dar es Salaam.,Check website,No amenities listed,Unrated,"Magore Street, Dar es Salaam",https://www.ihg.com/crowneplaza/hotels/us/en/dar-es-salaam/dards/hoteldetail,https://www.openstreetmap.org/node/6408627674
New Silverstone Hotel,Dar es Salaam,Dar es Salaam Region,Tanzania,A hotel located in Dar es Salaam.,Check website,No amenities listed,Unrated,No contact information available,No website available,https://www.openstreetmap.org/node/6408636232
Royal Njombe Hotel,Dar es Salaam,Dar es Salaam Region,Tanzania,A hotel located in Dar es Salaam.,Check website,No amenities listed,Unrated,No contact information available,No website available,https://www.openstreetmap.org/node/6408636234
Kabadamo Hotel,Dar es Salaam,Dar es Salaam Region,Tanzania,A hotel located in Dar es Salaam.,Check website,No amenities listed,Unrated,No contact information available,No website available,https://www.openstreetmap.org/node/6408636239
Rombo Green View Hotel,Dar es Salaam,Dar es Salaam Region,Tanzania,A hotel located in Dar es Salaam.,Check website,No amenities listed,Unrated,Dar es Salaam,No website available,https://www.openstreetmap.org/node/6408636243
Mick Hotel,Dar es Salaam,Dar es Salaam Region,Tanzania,A hotel located in Dar es Salaam.,Check website,No amenities listed,Unrated,No contact information available,No website available,https://www.openstreetmap.org/node/6408636245
Kagame Inn Hotel,Dar es Salaam,Dar es Salaam Region,Tanzania,A hotel located in Dar es Salaam.,Check website,No amenities listed,Unrated,No contact information available,No website available,https://www.openstreetmap.org/node/6408636246
Next Inn Hotel,Dar es Salaam,Dar es Salaam Region,Tanzania,A hotel located in Dar es Salaam.,Check website,No amenities listed,Unrated,No contact information available,No website available,https://www.openstreetmap.org/node/6408636247
Password Classic Hotel Annex,Dar es Salaam,Dar es Salaam Region,Tanzania,A hotel located in Dar es Salaam.,Check website,No amenities listed,Unrated,No contact information available,No website available,https://www.openstreetmap.org/node/6408636248
92 Hotel,Dar es Salaam,Dar es Salaam Region,Tanzania,A hotel located in Dar es Salaam.,Check website,"internet access, air conditioning",Unrated,No contact information available,No website available,https://www.openstreetmap.org/node/6408636249
Lunch Time Hotel,Dar es Salaam,Dar es Salaam Region,Tanzania,A hotel located in Dar es Salaam.,Check website,No amenities listed,Unrated,No contact information available,No website available,https://www.openstreetmap.org/node/6408638591
Moveck Hotel,Dar es Salaam,Dar es Salaam Region,Tanzania,A hotel located in Dar es Salaam.,Check website,No amenities listed,Unrated,No contact information available,No website available,https://www.openstreetmap.org/node/6408638597
Open Hotel,Dar es Salaam,Dar es Salaam Region,Tanzania,A hotel located in Dar es Salaam.,Check website,No amenities listed,Unrated,No contact information available,No website available,https://www.openstreetmap.org/node/6408638599
Hostel,Dar es Salaam,Dar es Salaam Region,Tanzania,A hotel located in Dar es Salaam.,Check website,No amenities listed,Unrated,No contact information available,No website available,https://www.openstreetmap.org/node/6408763446
Fashion International Hotel,Dar es Salaam,Dar es Salaam Region,Tanzania,A hotel located in Dar es Salaam.,Check website,internet access,Unrated,No contact information available,No website available,https://www.openstreetmap.org/node/6469148887
nyavyamo hotel,Dar es Salaam,Dar es Salaam Region,Tanzania,A hotel located in Dar es Salaam.,Check website,No amenities listed,Unrated,No contact information available,No website available,https://www.openstreetmap.org/node/6542173290
Iris Hotel,Dar es Salaam,Dar es Salaam Region,Tanzania,A hotel located in Dar es Salaam.,Check website,No amenities listed,Unrated,"Amani Street, Dar es Salaam",No website available,https://www.openstreetmap.org/node/7091751724
Saadani Hotel,Dar es Salaam,Dar es Salaam Region,Tanzania,A hotel located in Dar es Salaam.,Check website,No amenities listed,Unrated,Dar es Salaam,No website available,https://www.openstreetmap.org/node/8491311125
Kebby Hotel,Dar es Salaam,Dar es Salaam Region,Tanzania,"A hotel located in Dar es Salaam, rated 3 stars.",Check website,internet access,3-star,Pundamilia Street,No website available,https://www.openstreetmap.org/node/8491325304
Bayview,Dar es Salaam,Dar es Salaam Region,Tanzania,A hotel located in Dar es Salaam.,Check website,No amenities listed,Unrated,No contact information available,No website available,https://www.openstreetmap.org/node/8491442825
Blackwood Hotel and Apartments,Dar es Salaam,Dar es Salaam Region,Tanzania,A hotel located in Dar es Salaam.,Check website,"internet access, air conditioning",Unrated,"Bondeni Street, Dar es Salaam",https://www.blackwoodaparthotel.co.tz,https://www.openstreetmap.org/node/8491443562
Nikko tower,Dar es Salaam,Dar es Salaam Region,Tanzania,A hotel located in Dar es Salaam.,Check website,internet access,Unrated,No contact information available,No website available,https://www.openstreetmap.org/node/9010770617
Machengwe,Dar es Salaam,Dar es Salaam Region,Tanzania,A hotel located in Dar es Salaam.,Check website,No amenities listed,Unrated,"Dossi, Dar es Salaam",No website available,https://www.openstreetmap.org/node/9275336490
The Inns Lodge,Dar es Salaam,Dar es Salaam Region,Tanzania,A hotel located in Dar es Salaam.,Check website,No amenities listed,Unrated,"Mazizini, Dar es Salaam",No website available,https://www.openstreetmap.org/node/9275336860
Cleopatra Hotel,Dar es Salaam,Dar es Salaam Region,Tanzania,A hotel located in Dar es Salaam.,Check website,No amenities listed,Unrated,"Mbweni, Dar es Salaam",No website available,https://www.openstreetmap.org/node/9275552247
Butterfly Hotel,Dar es Salaam,Dar es Salaam Region,Tanzania,A hotel located in Dar es Salaam.,Check website,No amenities listed,Unrated,"Muheza, Dar es Salaam",No website available,https://www.openstreetmap.org/node/9275552248
The Nook,Dar es Salaam,Dar es Salaam Region,Tanzania,A hotel located in Dar es Salaam.,Check website,No amenities listed,Unrated,"Ngano, Dar es Salaam",No website available,https://www.openstreetmap.org/node/9275552249
Bonjiur Cafe,Dar es Salaam,Dar es Salaam Region,Tanzania,A hotel located in Dar es Salaam.,Check website,No amenities listed,Unrated,"34, Amani, Dar es Salaam",No website available,https://www.openstreetmap.org/node/9275552253
Mpoki Bar,Dar es Salaam,Dar es Salaam Region,Tanzania,A hotel located in Dar es Salaam.,Check website,No amenities listed,Unrated,"Kigogo, Dar es Salaam",No website available,https://www.openstreetmap.org/node/9275552254
BML Highway Hotel,Dar es Salaam,Dar es Salaam Region,Tanzania,A hotel located in Dar es Salaam.,Check website,No amenities listed,Unrated,"Dossi, Dar es Salaam",No website available,https://www.openstreetmap.org/node/9275552255
New Bondeni Hotel,Dar es Salaam,Dar es Salaam Region,Tanzania,A hotel located in Dar es Salaam.,Check website,No amenities listed,Unrated,"Dossi, Dar es Salaam",No website available,https://www.openstreetmap.org/node/9275552257
Njia Raha Corner,Dar es Salaam,Dar es Salaam Region,Tanzania,A hotel located in Dar es Salaam.,Check website,No amenities listed,Unrated,"Mwembeni, Dar es Salaam",No website available,https://www.openstreetmap.org/node/9275552258
Ave Maria,Dar es Salaam,Dar es Salaam Region,Tanzania,A hotel located in Dar es Salaam.,Check website,No amenities listed,Unrated,"Sukuma, Dar es Salaam",No website available,https://www.openstreetmap.org/node/9275552261
Rissing Sun Hotel,Dar es Salaam,Dar es Salaam Region,Tanzania,A hotel located in Dar es Salaam.,Check website,No amenities listed,Unrated,"Narung'ombe, Dar es Salaam",No website available,https://www.openstreetmap.org/node/9275552264
Zimbo Golden Hotel,Dar es Salaam,Dar es Salaam Region,Tanzania,A hotel located in Dar es Salaam.,Check website,No amenities listed,Unrated,"Nyamwezi, Dar es Salaam",No website available,https://www.openstreetmap.org/node/9275552266
Pacific Hotel,Dar es Salaam,Dar es Salaam Region,Tanzania,A hotel located in Dar es Salaam.,Check website,No amenities listed,Unrated,"Wazani, Dar es Salaam",No website available,https://www.openstreetmap.org/node/9275552271
Pearl,Dar es Salaam,Dar es Salaam Region,Tanzania,A hotel located in Dar es Salaam.,Check website,No amenities listed,Unrated,No contact information available,No website available,https://www.openstreetmap.org/node/9353342059
Double G Lodge,Dar es Salaam,Dar es Salaam Region,Tanzania,A hotel located in Dar es Salaam.,Check website,No amenities listed,Unrated,No contact information available,No website available,https://www.openstreetmap.org/node/9666756017
Hotel Slipway,Dar es Salaam,Dar es Salaam Region,Tanzania,"A hotel located in Dar es Salaam, rated 4 stars.",Check website,air conditioning,4-star,+255 22 2600893,No website available,https://www.openstreetmap.org/node/10309391012
Girrafe Beach Hotel,Dar es Salaam,Dar es Salaam Region,Tanzania,A hotel located in Dar es Salaam.,Check website,internet access,Unrated,No contact information available,https://giraffebh.com/,https://www.openstreetmap.org/node/10588241105
Hotel Totara,Dar es Salaam,Dar es Salaam Region,Tanzania,A hotel located in Dar es Salaam.,Check website,"internet access, air conditioning",Unrated,"64, Msasani Road",https://hotel-totara.business.site/,https://www.openstreetmap.org/node/10701670005
Hotel Milan by Totara,Dar es Salaam,Dar es Salaam Region,Tanzania,A hotel located in Dar es Salaam.,Check website,internet access,Unrated,1131,No website available,https://www.openstreetmap.org/node/10701687505
Tanston Hotel,Dar es Salaam,Dar es Salaam Region,Tanzania,A hotel located in Dar es Salaam.,Check website,No amenities listed,Unrated,No contact information available,No website available,https://www.openstreetmap.org/node/11891152972
Protea Hotel Oysterbay,Dar es Salaam,Dar es Salaam Region,Tanzania,"A hotel located in Dar es Salaam, rated 4 stars.",Check website,No amenities listed,4-star,No contact information available,No website available,https://www.openstreetmap.org/node/11893717878
karambezi cafe seaclif,Dar es Salaam,Dar es Salaam Region,Tanzania,A hotel located in Dar es Salaam.,Check website,No amenities listed,Unrated,No contact information available,No website available,https://www.openstreetmap.org/node/12323336901
The L Boutique Hotel,Dar es Salaam,Dar es Salaam Region,Tanzania,A hotel located in Dar es Salaam.,Check website,No amenities listed,Unrated,+255 67 3388888,No website available,https://www.openstreetmap.org/node/12431400838
Staywell,Dar es Salaam,Dar es Salaam Region,Tanzania,A hotel located in Dar es Salaam.,Check website,air conditioning,Unrated,No contact information available,No website available,https://www.openstreetmap.org/node/12431411336
Peals,Dar es Salaam,Dar es Salaam Region,Tanzania,A hotel located in Dar es Salaam.,Check website,No amenities listed,Unrated,Swahili Street,No website available,https://www.openstreetmap.org/node/12886466302
Sun 'n Sand Beach Resort,Dar es Salaam,Dar es Salaam Region,Tanzania,A hotel located in Dar es Salaam.,Check website,No amenities listed,Unrated,Mji Mwema Road,No website available,https://www.openstreetmap.org/node/13415146401
Wanyama Hotel Kariakoo,Dar es Salaam,Dar es Salaam Region,Tanzania,A hotel located in Dar es Salaam.,Check website,No amenities listed,Unrated,No contact information available,No website available,https://www.openstreetmap.org/node/13700515901
Center Point Hotel,Dar es Salaam,Dar es Salaam Region,Tanzania,A hotel located in Dar es Salaam.,Check website,No amenities listed,Unrated,Dar es Salaam,No website available,https://www.openstreetmap.org/node/13992451202
New Africa Hotel,Dar es Salaam,Dar es Salaam Region,Tanzania,A hotel located in Dar es Salaam.,Check website,No amenities listed,Unrated,Dar es Salaam,No website available,https://www.openstreetmap.org/node/13992451211
Mwigo Empire Hall,Dar es Salaam,Dar es Salaam Region,Tanzania,A hotel located in Dar es Salaam.,Check website,No amenities listed,Unrated,Dar es Salaam,No website available,https://www.openstreetmap.org/node/13992451212
SeaShells Millenium Towers,Dar es Salaam,Dar es Salaam Region,Tanzania,A hotel located in Dar es Salaam.,Check website,No amenities listed,Unrated,No contact information available,No website available,https://www.openstreetmap.org/way/36073568
Southern Sun Dar es Salaam,Dar es Salaam,Dar es Salaam Region,Tanzania,A hotel located in Dar es Salaam.,Check website,internet access,Unrated,"Garden Avenue, Dar es Salaam",https://www.southernsun.com/southern-sun-dar-es-salaam?utm_source=openstreetmaps&utm_medium=businesslisting&utm_campaign=hotel_southern-sun-dar-es-salaam,https://www.openstreetmap.org/way/135114636
Hotel Raha Tower,Dar es Salaam,Dar es Salaam Region,Tanzania,A hotel located in Dar es Salaam.,Check website,No amenities listed,Unrated,Bibi Titi Street,No website available,https://www.openstreetmap.org/way/166712660
Bravo Coco Beach,Dar es Salaam,Dar es Salaam Region,Tanzania,A hotel located in Dar es Salaam.,Check website,No amenities listed,Unrated,"313, Toure Drive, Dar es salaaam",https://bravococo.co.tz,https://www.openstreetmap.org/way/168686359
Anvir Villas,Dar es Salaam,Dar es Salaam Region,Tanzania,A hotel located in Dar es Salaam.,Check website,No amenities listed,Unrated,No contact information available,No website available,https://www.openstreetmap.org/way/169831119
Hotel Sea Cliff,Dar es Salaam,Dar es Salaam Region,Tanzania,A hotel located in Dar es Salaam.,Check website,air conditioning,Unrated,"Toure Drive, Dar es Salaam",http://www.hotelseacliff.com/,https://www.openstreetmap.org/way/169835957
Grand Villa hotel,Dar es Salaam,Dar es Salaam Region,Tanzania,A hotel located in Dar es Salaam.,Check website,No amenities listed,Unrated,"Zimbabwe, Dar es salaaam",No website available,https://www.openstreetmap.org/way/243158436
Bluereef Lodge,Dar es Salaam,Dar es Salaam Region,Tanzania,A hotel located in Dar es Salaam.,Check website,No amenities listed,Unrated,"29, Kondoa Street, Dar es salaaam",No website available,https://www.openstreetmap.org/way/335090929
La Vista Inn,Dar es Salaam,Dar es Salaam Region,Tanzania,A hotel located in Dar es Salaam.,Check website,No amenities listed,Unrated,Mlali Street,No website available,https://www.openstreetmap.org/way/335187031
Colosseum Hotel and Fitness Club,Dar es Salaam,Dar es Salaam Region,Tanzania,A hotel located in Dar es Salaam.,Check website,No amenities listed,Unrated,Oysterbay,No website available,https://www.openstreetmap.org/way/338049317
Korini Market Hotel,Dar es Salaam,Dar es Salaam Region,Tanzania,A hotel located in Dar es Salaam.,Check website,No amenities listed,Unrated,Tandale Street,No website available,https://www.openstreetmap.org/way/341176314
New Royal Hotel,Dar es Salaam,Dar es Salaam Region,Tanzania,A hotel located in Dar es Salaam.,Check website,No amenities listed,Unrated,Kwa Tumbo,No website available,https://www.openstreetmap.org/way/342933400
summer hotel,Dar es Salaam,Dar es Salaam Region,Tanzania,A hotel located in Dar es Salaam.,Check website,No amenities listed,Unrated,sisi kwa sisi,No website available,https://www.openstreetmap.org/way/360264092
KB Hotel,Dar es Salaam,Dar es Salaam Region,Tanzania,A hotel located in Dar es Salaam.,Check website,No amenities listed,Unrated,Mferejini,No website available,https://www.openstreetmap.org/way/360288210
New Laki Louge,Dar es Salaam,Dar es Salaam Region,Tanzania,A hotel located in Dar es Salaam.,Check website,No amenities listed,Unrated,Midizini,No website available,https://www.openstreetmap.org/way/360313812
Big Brother Motel Inn,Dar es Salaam,Dar es Salaam Region,Tanzania,A hotel located in Dar es Salaam.,Check website,No amenities listed,Unrated,Tabata Street,No website available,https://www.openstreetmap.org/way/360464269
Namnani Hotel,Dar es Salaam,Dar es Salaam Region,Tanzania,A hotel located in Dar es Salaam.,Check website,No amenities listed,Unrated,"Sinza Madukani, Dar es Salaam",No website available,https://www.openstreetmap.org/way/360710118
Jawabu Restaurant,Dar es Salaam,Dar es Salaam Region,Tanzania,A hotel located in Dar es Salaam.,Check website,No amenities listed,Unrated,"Ngomati, Dar es salaam",No website available,https://www.openstreetmap.org/way/361568232
Happy Villa,Dar es Salaam,Dar es Salaam Region,Tanzania,A hotel located in Dar es Salaam.,Check website,air conditioning,Unrated,"174, Bonde La Mpunga",No website available,https://www.openstreetmap.org/way/362041323
Alexander's Hotel,Dar es Salaam,Dar es Salaam Region,Tanzania,A hotel located in Dar es Salaam.,Check website,air conditioning,Unrated,"52, Mary Knoll Lane, Dar es Salaam",No website available,https://www.openstreetmap.org/way/362921802
Great Wall,Dar es Salaam,Dar es Salaam Region,Tanzania,A hotel located in Dar es Salaam.,Check website,air conditioning,Unrated,Dar es Salaam,No website available,https://www.openstreetmap.org/way/363282912
Gianna Hotel,Dar es Salaam,Dar es Salaam Region,Tanzania,A hotel located in Dar es Salaam.,Check website,No amenities listed,Unrated,"Kijitonyama, Dar es Salaam",No website available,https://www.openstreetmap.org/way/363723614
Kebby's Hotel,Dar es Salaam,Dar es Salaam Region,Tanzania,A hotel located in Dar es Salaam.,Check website,No amenities listed,Unrated,"Pundamilia, Dar es Salaam",No website available,https://www.openstreetmap.org/way/363728096
Evening Star,Dar es Salaam,Dar es Salaam Region,Tanzania,A hotel located in Dar es Salaam.,Check website,No amenities listed,Unrated,"Bwawani, Dar es Salaam",No website available,https://www.openstreetmap.org/way/363737233
Fahari hoteli,Dar es Salaam,Dar es Salaam Region,Tanzania,A hotel located in Dar es Salaam.,Check website,No amenities listed,Unrated,"9, Sinza A, Dar es Salaam",No website available,https://www.openstreetmap.org/way/363742493
Vienna View,Dar es Salaam,Dar es Salaam Region,Tanzania,A hotel located in Dar es Salaam.,Check website,No amenities listed,Unrated,"Mpakani B, Dar es Salaam",No website available,https://www.openstreetmap.org/way/363867421
Royal court,Dar es Salaam,Dar es Salaam Region,Tanzania,A hotel located in Dar es Salaam.,Check website,No amenities listed,Unrated,"Sinza Madukani, Dar es Salaam",No website available,https://www.openstreetmap.org/way/363884209
Lantana Hotel,Dar es Salaam,Dar es Salaam Region,Tanzania,A hotel located in Dar es Salaam.,Check website,No amenities listed,Unrated,"23, Kwa Remi Street, Dar es Salaam",No website available,https://www.openstreetmap.org/way/363917838
Mtanzania Hotel Limited,Dar es Salaam,Dar es Salaam Region,Tanzania,A hotel located in Dar es Salaam.,Check website,No amenities listed,Unrated,Chakula Bora,No website available,https://www.openstreetmap.org/way/364101625
New London Hotel,Dar es Salaam,Dar es Salaam Region,Tanzania,A hotel located in Dar es Salaam.,Check website,No amenities listed,Unrated,Mwembeni,No website available,https://www.openstreetmap.org/way/364112489
Dondon Hotel,Dar es Salaam,Dar es Salaam Region,Tanzania,A hotel located in Dar es Salaam.,Check website,No amenities listed,Unrated,Mwembeni,No website available,https://www.openstreetmap.org/way/364139344
Mambosasa Hotel,Dar es Salaam,Dar es Salaam Region,Tanzania,A hotel located in Dar es Salaam.,Check website,No amenities listed,Unrated,"Sinza Palestina, Dar es Salaam",No website available,https://www.openstreetmap.org/way/364158703
Mkomilo Royal Hotel,Dar es Salaam,Dar es Salaam Region,Tanzania,A hotel located in Dar es Salaam.,Check website,No amenities listed,Unrated,"Nyangumi, Dar es Salaam",No website available,https://www.openstreetmap.org/way/364290649
Mugade lodge,Dar es Salaam,Dar es Salaam Region,Tanzania,A hotel located in Dar es Salaam.,Check website,No amenities listed,Unrated,"Nyangumi, Dar es Salaam",No website available,https://www.openstreetmap.org/way/364292195
Friendly Lodge,Dar es Salaam,Dar es Salaam Region,Tanzania,A hotel located in Dar es Salaam.,Check website,No amenities listed,Unrated,"496, Nyangumi, Dar es Salaam",No website available,https://www.openstreetmap.org/way/364292453
Mapoloni Inn,Dar es Salaam,Dar es Salaam Region,Tanzania,A hotel located in Dar es Salaam.,Check website,No amenities listed,Unrated,"Sunset, Dar es salaam",No website available,https://www.openstreetmap.org/way/364415692
Victoria Inn,Dar es Salaam,Dar es Salaam Region,Tanzania,A hotel located in Dar es Salaam.,Check website,No amenities listed,Unrated,Itaga Street,No website available,https://www.openstreetmap.org/way/364472852
Kituri Royal Inn Bar,Dar es Salaam,Dar es Salaam Region,Tanzania,A hotel located in Dar es Salaam.,Check website,No amenities listed,Unrated,No contact information available,No website available,https://www.openstreetmap.org/way/364511445
Kituri Royal Inn,Dar es Salaam,Dar es Salaam Region,Tanzania,A hotel located in Dar es Salaam.,Check website,No amenities listed,Unrated,No contact information available,No website available,https://www.openstreetmap.org/way/364511447
Mount Morial Hotel,Dar es Salaam,Dar es Salaam Region,Tanzania,A hotel located in Dar es Salaam.,Check website,No amenities listed,Unrated,Msolomi,No website available,https://www.openstreetmap.org/way/364511559
Kituri Royal Inn Lodge,Dar es Salaam,Dar es Salaam Region,Tanzania,A hotel located in Dar es Salaam.,Check website,No amenities listed,Unrated,No contact information available,No website available,https://www.openstreetmap.org/way/364517100
White House Hotel,Dar es Salaam,Dar es Salaam Region,Tanzania,A hotel located in Dar es Salaam.,Check website,No amenities listed,Unrated,Mivinjeni Street,No website available,https://www.openstreetmap.org/way/364680516
Europer Bar And Restaurant,Dar es Salaam,Dar es Salaam Region,Tanzania,A hotel located in Dar es Salaam.,Check website,No amenities listed,Unrated,"Malapa street, Dar es salaam",No website available,https://www.openstreetmap.org/way/364697246
Meridian Hotel,Dar es Salaam,Dar es Salaam Region,Tanzania,A hotel located in Dar es Salaam.,Check website,No amenities listed,Unrated,komakoma,No website available,https://www.openstreetmap.org/way/365324276
CWE Hotel,Dar es Salaam,Dar es Salaam Region,Tanzania,A hotel located in Dar es Salaam.,Check website,No amenities listed,Unrated,Mivinjeni,No website available,https://www.openstreetmap.org/way/365639165
Premice Hotel,Dar es Salaam,Dar es Salaam Region,Tanzania,A hotel located in Dar es Salaam.,Check website,No amenities listed,Unrated,Malapa street,No website available,https://www.openstreetmap.org/way/367228416
Golden Hotel,Dar es Salaam,Dar es Salaam Region,Tanzania,A hotel located in Dar es Salaam.,Check website,No amenities listed,Unrated,Mchikichini Street,No website available,https://www.openstreetmap.org/way/368429505
Tiffany Diamond Hotel,Dar es Salaam,Dar es Salaam Region,Tanzania,A hotel located in Dar es Salaam.,Check website,No amenities listed,Unrated,"Jamhuri Street, Dar es Salaam",No website available,https://www.openstreetmap.org/way/368439335
Sofia Hotel,Dar es Salaam,Dar es Salaam Region,Tanzania,A hotel located in Dar es Salaam.,Check website,No amenities listed,Unrated,"36, Bibi Titi Mohamed Road, Dar es Salaam",No website available,https://www.openstreetmap.org/way/368509998
Peacock Hotels City Center,Dar es Salaam,Dar es Salaam Region,Tanzania,A hotel located in Dar es Salaam.,Check website,No amenities listed,Unrated,"32, Bibi Titi Street, Dar es Salaam",No website available,https://www.openstreetmap.org/way/368510044
Sugar Inn Hotel,Dar es Salaam,Dar es Salaam Region,Tanzania,A hotel located in Dar es Salaam.,Check website,No amenities listed,Unrated,"5, Band Street, Dar es Salaam",No website available,https://www.openstreetmap.org/way/368510049
All suites Hotel,Dar es Salaam,Dar es Salaam Region,Tanzania,A hotel located in Dar es Salaam.,Check website,No amenities listed,Unrated,"Bibi Titi Street, Dar es Salaam",No website available,https://www.openstreetmap.org/way/368510053
Hotel Agip,Dar es Salaam,Dar es Salaam Region,Tanzania,A hotel located in Dar es Salaam.,Check website,No amenities listed,Unrated,Pamba Street,No website available,https://www.openstreetmap.org/way/368956709
Four points by Sheraton,Dar es Salaam,Dar es Salaam Region,Tanzania,A hotel located in Dar es Salaam.,Check website,internet access,Unrated,Azikiwe Street,No website available,https://www.openstreetmap.org/way/368956721
Chelsea Hotel,Dar es Salaam,Dar es Salaam Region,Tanzania,"A hotel located in Dar es Salaam, rated 3 stars.",Check website,internet access,3-star,"14/75, Uhuru Street, Dar es Salaam",No website available,https://www.openstreetmap.org/way/370236349
Gold Plaza Hotel,Dar es Salaam,Dar es Salaam Region,Tanzania,A hotel located in Dar es Salaam.,Check website,No amenities listed,Unrated,Mkunguni Street,No website available,https://www.openstreetmap.org/way/370498066
Manyagwe Hotel,Dar es Salaam,Dar es Salaam Region,Tanzania,A hotel located in Dar es Salaam.,Check website,No amenities listed,Unrated,"5, Pemba Street",No website available,https://www.openstreetmap.org/way/370584287
Ramada Resort Dar Es Salaam,Dar es Salaam,Dar es Salaam Region,Tanzania,A hotel located in Dar es Salaam.,Check website,No amenities listed,Unrated,"Plot Plot 170/171, Jangwani Beach, Dar es Salaam",https://www.ramadaresortdar.com/,https://www.openstreetmap.org/way/373033351
Cornrado Hotel,Dar es Salaam,Dar es Salaam Region,Tanzania,A hotel located in Dar es Salaam.,Check website,No amenities listed,Unrated,Lindi Street,No website available,https://www.openstreetmap.org/way/373086463
Perfect Hotel,Dar es Salaam,Dar es Salaam Region,Tanzania,A hotel located in Dar es Salaam.,Check website,No amenities listed,Unrated,Gerezani Street,No website available,https://www.openstreetmap.org/way/373111199
White Mark Hotel,Dar es Salaam,Dar es Salaam Region,Tanzania,A hotel located in Dar es Salaam.,Check website,No amenities listed,Unrated,Ubungo NHC,No website available,https://www.openstreetmap.org/way/374790582
Sandton Sun Lodge,Dar es Salaam,Dar es Salaam Region,Tanzania,A hotel located in Dar es Salaam.,Check website,No amenities listed,Unrated,Maduka Manne Street,No website available,https://www.openstreetmap.org/way/375076998
John's Corner,Dar es Salaam,Dar es Salaam Region,Tanzania,A hotel located in Dar es Salaam.,Check website,No amenities listed,Unrated,Tenge,No website available,https://www.openstreetmap.org/way/375513036
Lamada Hotel and Apartiments,Dar es Salaam,Dar es Salaam Region,Tanzania,A hotel located in Dar es Salaam.,Check website,No amenities listed,Unrated,No contact information available,No website available,https://www.openstreetmap.org/way/381438798
Protea Hotel Courtyard,Dar es Salaam,Dar es Salaam Region,Tanzania,A hotel located in Dar es Salaam.,Check website,No amenities listed,Unrated,No contact information available,No website available,https://www.openstreetmap.org/way/382857740
DoubleTree by Hilton Hotel Dar es Salaam - Oyster Bay,Dar es Salaam,Dar es Salaam Region,Tanzania,"A hotel located in Dar es Salaam, rated 4 stars.",Check website,air conditioning,4-star,"Slipway Road, Msasani Peninsular, Dar es Salaam",https://www.hilton.com/en/hotels/dardtdi-doubletree-dar-es-salaam-oyster-bay/,https://www.openstreetmap.org/way/392586315
Triniti Airport Hotel,Dar es Salaam,Dar es Salaam Region,Tanzania,A hotel located in Dar es Salaam.,Check website,No amenities listed,Unrated,No contact information available,No website available,https://www.openstreetmap.org/way/400338749
Jamirex Hotel,Dar es Salaam,Dar es Salaam Region,Tanzania,A hotel located in Dar es Salaam.,Check website,No amenities listed,Unrated,"Sokoni, Dar es Salaam",No website available,https://www.openstreetmap.org/way/448785212
Conway Hotel,Dar es Salaam,Dar es Salaam Region,Tanzania,A hotel located in Dar es Salaam.,Check website,No amenities listed,Unrated,No contact information available,No website available,https://www.openstreetmap.org/way/460527661
Dar es Salaam Serena Hotel,Dar es Salaam,Dar es Salaam Region,Tanzania,A hotel located in Dar es Salaam.,Check website,No amenities listed,Unrated,No contact information available,No website available,https://www.openstreetmap.org/way/460587397
Ice land Hotel,Dar es Salaam,Dar es Salaam Region,Tanzania,A hotel located in Dar es Salaam.,Check website,No amenities listed,Unrated,No contact information available,No website available,https://www.openstreetmap.org/way/461130159
Double View Hotel,Dar es Salaam,Dar es Salaam Region,Tanzania,A hotel located in Dar es Salaam.,Check website,No amenities listed,Unrated,"Mpakani B, Dar es Salaam",No website available,https://www.openstreetmap.org/way/523645460
Vegas Luxury Hotel,Dar es Salaam,Dar es Salaam Region,Tanzania,A hotel located in Dar es Salaam.,Check website,No amenities listed,Unrated,"SNZ/SNA/168, Sinza A, Dar es Salaam",No website available,https://www.openstreetmap.org/way/523726441
Fulinga Rest Inn,Dar es Salaam,Dar es Salaam Region,Tanzania,A hotel located in Dar es Salaam.,Check website,No amenities listed,Unrated,"2, Mikocheni B, Dar es Salaam",No website available,https://www.openstreetmap.org/way/524405336
Blackwood Hotel,Dar es Salaam,Dar es Salaam Region,Tanzania,A hotel located in Dar es Salaam.,Check website,"internet access, air conditioning",Unrated,"45, Kijitonyama, Dar es Salaam",No website available,https://www.openstreetmap.org/way/525579929
Mesuma Plus Hotel,Dar es Salaam,Dar es Salaam Region,Tanzania,A hotel located in Dar es Salaam.,Check website,No amenities listed,Unrated,"Makumbusho, Dar es Salaam",No website available,https://www.openstreetmap.org/way/668260043
Vina Hotel,Dar es Salaam,Dar es Salaam Region,Tanzania,A hotel located in Dar es Salaam.,Check website,No amenities listed,Unrated,No contact information available,No website available,https://www.openstreetmap.org/way/670179251
"Hyatt Regency Dar es Salaam, The Kilimanjaro",Dar es Salaam,Dar es Salaam Region,Tanzania,"A hotel located in Dar es Salaam, rated 5 stars.",Check website,"internet access, air conditioning",5-star,"24, Kivukoni Rd, Dar es Salaam",https://www.hyatt.com/hyatt-regency/en-US/darhr-hyatt-regency-dar-es-salaam-the-kilimanjaro,https://www.openstreetmap.org/way/688368908
Hotel Sapphire,Dar es Salaam,Dar es Salaam Region,Tanzania,A hotel located in Dar es Salaam.,Check website,No amenities listed,Unrated,"6, Mtendeni Street, Dar es Salaam",No website available,https://www.openstreetmap.org/way/1248068289
